asin,brand
014789302X,BLUE HEAVE
0992916305,Tomm Moore and Ross Stewart
1465042776,cruel
1465045953,cruel
1620213982,Perfecto
7414204790,Pirmal Healthcare
9742121109,Chom
9790787006,Jenna Jameson
B000050B65,Norelco
B000050B6B,Philips Norelco
B000050B63,Norelco
B000050B6H,Philips Norelco
B000050FDT,Braun
B000050FDY,Braun
B000052YAN,Reach
B000052YD8,Unknown
B00005308B,Old Spice
B0000530HU,Aqua Velva
B00005355V,Gillette
B00005JS5C,Panasonic
B00005U8U8,Norelco
B000065AB1,Gillette
B000067E30,Crest
B000068PBP,Philips Norelco
B000068PBM,Philips Norelco
B000068PBK,Norelco
B000068PBN,Norelco
B000068PBJ,Norelco
B000068PBL,Norelco
B00006IGL2,Kiss My Face
B00006ISDE,AXE DEO
B00006L9LC,Citre Shine
B00007EFLG,
B00009RB10,Philips Norelco
B00009RB14,Norelco
B00009RB0Z,Philips Norelco
B00009RB1E,Philips Norelco
B00009RB11,Norelco
B00009RB12,Norelco
B00009RB0Y,Philips Norelco
B00009RB0X,Philips Norelco
B00009RB1C,Philips Norelco
B00009RB1B,Philips Norelco
B00009RB1I,Philips Norelco
B0000AJ3Q4,L'Oreal Paris
B0000C4COX,derma e
B0000C4KJ9,Oral-B
B0000C4KJX,Oral B
B0000C4KJV,Oral-B
B0000Y3DD2,P&amp;S
B0000Y3LQ6,Wibi
B0000Y8IOQ,Biotone
B0000ZHGZ2,Eucerin
B00011QUDE,Helen Of Troy
B000142J2W,Luster's
B000142ZFS,Super Nail
B000146LKS,Plantlife
B00015XAQA,Beauty Without Cruelty
B00016WU6A,Dr. Singha's
B00016WU5Q,Dr. Singha's
B00016WULK,Avalon
B0001AD4RK,
B0001AD4TS,MoonDance Soaps & More
B0001EKQNG,Afirm
B0001HYJW2,Philips Norelco
B0001HYKBC,Philips Norelco
B0001HYLR0,Philips Norelco
B0001HYMFG,Oral B
B0001HYKBM,Philips Norelco
B0001HYMFQ,Oral B
B0001HYMG0,Oral B
B0001HYKC6,Philips Norelco
B0001KBP08,William Marvy
B0001LQGG0,Gillette Venus
B0001M1IAI,Ikonna
B0001TMDF0,Heritage Products
B0001WXTPA,Crest
B0001XQNPW,Earth Vibes
B000209JPU,Tints of Nature
B000209JS2,Tints of Nature
B00020UR4C,Truefitt & Hill
B00021D8LK,
B00021DJ1E,NARS
B00021DJ32,NARS
B00021DI10,
B00021E2DI,Fresh
B00021KD2C,DERMA-E
B00021VLXM,Clinique
B00024C160,Gillette
B0002564EE,Kordon/Novalek/Oasis
B000256MZA,ZEFER
B000273BM0,Gillette
B00028M1ZC,Napa Valley Naturals Oils
B00028LYO6,J.R. Liggett
B00028MES6,NOW Foods
B00028ORTK,Aubrey Organics
B00028Q7IO,Tea Tree Therapy
B0002AHW2W,Philips Norelco
B0002DO8R6,
B0002DU57I,Bio-K
B0002JGIZA,Avalon Organics
B0002JHI1I,Avalon
B0002MQ9GK,Braun
B0002PU864,Parissa
B0002W09UC,Ardell
B0002Z8HVM,Pre de Provence
B00030CA3C,REJOYN
B000050B65,Norelco
B000050B6B,Philips Norelco
B000050B63,Norelco
B000050B6H,Philips Norelco
B000050FDT,Braun
B000050FDY,Braun
B000052YAN,Reach
B000052YD8,Unknown
B00005308B,Old Spice
B0000530HU,Aqua Velva
B00005355V,Gillette
B00005JS5C,Panasonic
B00005U8U8,Norelco
B000065AB1,Gillette
B000067E30,Crest
B000068PBP,Philips Norelco
B000068PBM,Philips Norelco
B000068PBK,Norelco
B000068PBN,Norelco
B000068PBJ,Norelco
B000068PBL,Norelco
B00006IGL2,Kiss My Face
B00006ISDE,AXE DEO
B00006L9LC,Citre Shine
B00007EFLG,
B00009RB10,Philips Norelco
B00009RB14,Norelco
B00009RB0Z,Philips Norelco
B00009RB1E,Philips Norelco
B00009RB11,Norelco
B00009RB12,Norelco
B00009RB0Y,Philips Norelco
B00009RB0X,Philips Norelco
B00009RB1C,Philips Norelco
B00009RB1B,Philips Norelco
B00009RB1I,Philips Norelco
B0000AJ3Q4,L'Oreal Paris
B0000C4COX,derma e
B0000C4KJ9,Oral-B
B0000C4KJX,Oral B
B0000C4KJV,Oral-B
B0000Y3DD2,P&amp;S
B0000Y3LQ6,Wibi
B0000Y8IOQ,Biotone
B0000ZHGZ2,Eucerin
B00011QUDE,Helen Of Troy
B000142J2W,Luster's
B000142ZFS,Super Nail
B000146LKS,Plantlife
B00015XAQA,Beauty Without Cruelty
B00016WU6A,Dr. Singha's
B00016WU5Q,Dr. Singha's
B00016WULK,Avalon
B0001AD4RK,
B0001AD4TS,MoonDance Soaps & More
B0001EKQNG,Afirm
B0001HYJW2,Philips Norelco
B0001HYKBC,Philips Norelco
B0001HYLR0,Philips Norelco
B0001HYMFG,Oral B
B0001HYKBM,Philips Norelco
B0001HYMFQ,Oral B
B0001HYMG0,Oral B
B0001HYKC6,Philips Norelco
B0001KBP08,William Marvy
B0001LQGG0,Gillette Venus
B0001M1IAI,Ikonna
B0001TMDF0,Heritage Products
B0001WXTPA,Crest
B0001XQNPW,Earth Vibes
B000209JPU,Tints of Nature
B000209JS2,Tints of Nature
B00020UR4C,Truefitt & Hill
B00021D8LK,
B00021DJ1E,NARS
B00021DJ32,NARS
B00021DI10,
B00021E2DI,Fresh
B00021KD2C,DERMA-E
B00021VLXM,Clinique
B00024C160,Gillette
B0002564EE,Kordon/Novalek/Oasis
B000256MZA,ZEFER
B000273BM0,Gillette
B00028M1ZC,Napa Valley Naturals Oils
B00028LYO6,J.R. Liggett
B00028MES6,NOW Foods
B00028ORTK,Aubrey Organics
B00028Q7IO,Tea Tree Therapy
B0002AHW2W,Philips Norelco
B0002DO8R6,
B0002DU57I,Bio-K
B0002JGIZA,Avalon Organics
B0002JHI1I,Avalon
B0002MQ9GK,Braun
B0002PU864,Parissa
B0002W09UC,Ardell
B0002Z8HVM,Pre de Provence
B00030CA3C,REJOYN
B00062ADJA,
B0006M559S,eb5
B0006M56BK,Schick
B0006NXAHQ,Badedas
B0006NXBT8,Nivea
B0006NY1NS,ALINCAS
B0006O10P4,ZUM
B0006PKAY0,Pre de Provence
B0006Q014S,Gena
B0006Q23H6,John Masters
B0006U6RQU,Kama Sutra
B00070D21W,Chi's Enterprise
B0007KXW1M,Helen Of Troy
B0007OC0A2,Sportslick
B0007QKYA8,LIP INK
B0007QKY80,LIP INK
B0007QKY6M,LIP INK
B0007Z8QVI,Thymes
B0008GCVU8,Physician Supplies
B00091QS38,LEGEND MEDICAL DEVICES
B00099ZAGG,Philips Norelco
B0009ION3S,TIGI
B0009MFUOA,Philips Norelco
B0009MFUO0,Philips Norelco
B0009MFUOU,Philips Norelco
B0009MFUN6,Philips Norelco
B0009MFZAE,Crest
B0009MFUPY,Philips Norelco
B0009R14T0,Africa's Best
B0009R14YK,Bikini Zone
B0009RF9DW,Yardley
B0009W7MG4,Gillette
B0009WY5AA,Aqua Fresh
B0009YDOIC,Provence Sante
B0009YDOIM,Provence Sante
B0009YDOIW,Provence Sante
B000A23CQM,Philips Norelco
B000A2LRBY,Helen Of Troy
B000AAAWSK,Victoria Vogue
B000AADG60,Clubman
B000ALFRRU,Fekkai
B000AUZ4UG,REDKEN
B000B16AVQ,Philips Norelco
B000B658RI,Levine Health Products
B000B8WZUY,Velform
B000B8YZQG,As We Change
B000BJ1CGQ,GiGi
B000BKXGXW,NOW Foods
B000BYQ7SY,Afirm
B000C1UBXS,Celine Dion
B000C1VUTC,Dior
B000CNUAVY,Bijan
B000CQWSGG,Sebastian
B000CR4ER6,Fresh
B000CSPALE,Unknown
B000CST4H0,Skin Doctors
B000DN7C1Y,ZUM
B000DN7BYC,Indigo Wild
B000EB8034,Crest
B000EE9XYG,Rainbow Light
B000EG8HLE,Philips Norelco
B000EGH1RU,Mehron
B000EGK4TW,Queen Helene
B000EGMC74,Queen Helene
B000EIOAFY,Monoi
B000EVGPC2,Murray
B000EVKXJS,Kerastase
B000F0BXLK,OHSO
B000F4GLHM,Hot Topic
B000F8JKF8,EO Essential Oil Products
B000FDDK5E,Kose Sekkisei
B000FED5D0,Philips Norelco
B000FED5DU,Philips Norelco
B000FED5DK,Philips Norelco
B000FEF1VE,Philips Norelco
B000FEF1V4,Philips Norelco
B000FEGUIW,Philips Norelco
B000FEGUIM,Philips Norelco
B000FEGUJ6,Philips Norelco
B000FFDSO0,AQUIS
B000FI4S1E,Fruits & Passion
B000FJ4AX4,ACE
B000FKEQL4,Dr. Scholl's
B000FKHX78,NeilMed
B000FLUCNY,
B000FOI48G,Waterpik
B000FQ6774,B&C Lab
B000FQMMY6,Yumeguri
B000FQMMWI,BATHROMAN
B000FTYALG,Aqua Velva
B000FU3BNS,FAIR & WHITE
B000FVHRXC,Dr. Woods
B000FZZ582,Advanced Vision Research
B000G386MU,The Wright Stuff
B000G8LWZI,Di Bruno Bros
B000GCHKLE,Palmer's
B000GCLR40,Preffered plus
B000GCNE2I,SAYMANS SALVE
B000GCOIMI,DERMALOGIX PARTNERS INC
B000GCPXN6,Smith & Nephew
B000GCRWE4,Dynarex
B000GCSYHI,Just 1
B000GCVVWI,Palmer's
B000GG7NU8,Queen Helene
B000GGFZLC,Reach
B000GGJDBK,Orajel
B000GGKPXK,Elobara
B000GLB37M,Super Sunnies
B000GLRREU,Waterpik
B000GU4TX8,Sarati
B000GW78MU,Kama Sutra
B000GZJIVQ,California Baby
B000H3FA5U,
B000H6A02A,Remington
B000H723LU,
B000HA99LE,Jean Philippe
B000HB6VLE,
B000HGJLL6,The Body Shop
B000HKTCDY,
B000HKXV5E,
B000HM9EP8,Buster Brands - SiCap LLC
B000HP01UM,Caswell-Massey
B000I3ZQ76,LANMAN KEMP & BARCLAY
B000I48T92,NOW Foods
B000I5WUJ6,Pro Touch
B000I6AZHE,
B000ICV4T6,Gillette
B000IQXOPE,Pre de Provence
B000IQVVGI,Pre de Provence
B000IQU2QS,Pre de Provence
B000IQSU0I,Pre de Provence
B000J0HP18,Pre de Provence
B000J1HR6U,"LS, Vero Labs"
B000JJLE9S,Davlyn
B000JUT8KY,Classic Erotica
B000JV2Y0O,AminoGenesis
B000K10V2Q,Apex Healthcare Products
B000KHTDM4,Make Up For Ever
B000KJZGOG,Jelique
B000KMCSG2,Philips Norelco
B000KNELAW,Charles C. Thomas
B000KQB0N0,Joico
B000KQB1SY,REDKEN
B000KRL5VG,Apothecary
B000L55DME,Luxor Pro
B000LCETUO,Jelique
B000LIBUBY,Fresh
B000LR587W,AQUIS
B000LR8QK8,Apex
B000LSBZC8,Joico
B000MAESRE,Camille Beckman
B000MATKPO,Gillette
B000MAV2XW,Gillette Venus
B000MLNVU8,Gillette
B000MLS9C8,Artemis Woman
B000MOH552,GiGi
B000MT1GHA,Jean Nat
B000N2KJCO,Ethocyn Skin Care By Chantal
B000N9IQLS,Alpha Hydrox
B000NB7IWE,NOW Foods
B000NCTTGG,Kai
B000NJJAUE,Scalpmaster
B000NJJFBI,Soft 'N Style
B000NJMSXU,ALINCAS
B000NJMRQS,Debra Lynn
B000NKJIXM,Crest
B000NLHXA6,Pharmaderm
B000NMH512,Generic
B000NN5HFW,Aqua Glycolic
B000NN7FT8,AMBI
B000NOT9GO,Hydrolatum
B000NPVD7Q,L'Oreal Paris
B000NQ6PJ6,Hollister
B000NSU25M,Crest
B000NSV6R0,manic panic
B000NWMOBS,Caruso
B000NY66DS,Medicool
B000OQFVLS,Onox
B000OT3SKQ,USANA
B000OV40LA,Young Living
B000OV3XPO,Oils of Aloha
B000P8559S,LovePotionPerfume.com
B000PA3B6A,Osto-Bond
B000PARERW,SilcSkin
B000PD79GA,Magic
B000PIGD6C,Arimino
B000PJIZ8A,Spilo
B000PKKAFK,Philips Norelco
B000PKKAGO,Philips Norelco
B000PKMA2G,Philips Norelco
B000PKNPES,Philips Norelco
B000PUK8E8,Personna
B000PW13QS,Aquage
B000Q40BT0,NEEMAURA
B000Q4AIHU,Banyan Botanicals
B000Q46HBQ,Cashmere Bouquet
B000Q6HBIW,Nullo
B000Q9AKVE,Panasonic
B000QUHNVS,Mr. Pumice
B000R90N60,Afirm
B000RC2V4Y,Burt's Bees
B000REO0GO,Yogaprosess
B000RJDZOC,Profoot
B000S17FUO,Medicool
B000S6DQ2U,
B000S8050O,Swisspers
B000S86PI0,ShiKai
B000SUIA40,Young Living
B000TBZAB4,Luster's
B000TCB6DO,Electronic World Plus
B000TF246Y,hydrofloss
B000THHNIQ,Shiseido
B000TQG4P0,Woods
B000U69JME,Ole Henriksen
B000UJZIEY,Philips Norelco
B000UK163K,Philips Norelco
B000UK4Y5M,Philips Norelco
B000UK2VRK,Philips Norelco
B000UK4Y6Q,Norelco
B000URXP6E,Bonne Bell
B000UYCKRC,CST
B000UYIQYI,Frontier
B000V2J3ZA,Neutrogena
B000V2MBZ4,MAVALA
B000V5F2NO,Scotch
B000V5PC70,Colgate
B000V5Z4J6,Philips Sonicare
B000V86CUS,
B000VCFZWA,Dial
B000VLE28O,HODAF
B000VPG38W,SOAP & GLORY
B000VPWGNS,Boston
B000VR9PQC,Nutrine
B000VUXCGI,Maggie's Functional Organics
B000VV1YOY,
B000VYOPTW,divaderme
B000W0C07Y,Instyle Parfums
B000W9IWMM,Physicians Formula
B000WICABC,LEGEND MEDICAL DEVICES
B000WN5K2S,SparklyCrystal
B000WR2HB6,Wise Ways Herbals
B000WUDAN2,Better Botanicals
B000WYJTZG,Helen Of Troy
B000WZHGVY,CoCo-Shop
B000X2FPXC,Dr. Woods
B000X7ST9Y,AMERICAN CREW
B000XE15FW,Loewe
B000XQFBSM,reskin
B000XRV8FG,Profound Beauty
B000XRY8IK,Profound Beauty
B000XV745A,Albolene
B000XVTYS0,Gillette
B000XVW2TS,Gillette
B000YB70PS,KENT
B000YFR73E,Love Potion Magickal Perfumerie
B000Z61POY,Peter Thomas Roth
B000Z93YJA,Wellements
B00103H69E,Artist's Choice
B00103JA4S,Canyon Rose
B00103KS4E,Betty Dain
B00103JA1G,Canyon Rose
B0010DMNFQ,BriteSmile
B0010ZBORW,Urban Spa
B00112BV5O,COVERGIRL
B00112DRHY,Plantlife
B0011DHU8U,Avalon
B0011FYB5I,Naturade
B00120VWTK,Avalon Organics
B0012615W8,Acid Mantle
B00126LYJM,The Hawaiian Classic Perfumes Collection
B0012718KG,California Tan
B0012F88AQ,Nullo
B0012LUXFS,Young Living
B0012XPRO8,Whish
B0012Y0ZG2,Bath & Body Works
B00138YJZA,Skye Botanicals
B00139K6P6,SpiritualImports
B0013EITKA,Aromafloria
B0013J90AS,Orajel
B0013K4SFE,Alba Botanica
B0013NB7DW,Williams
B0013YXQ58,Pond's
B0014AX89K,Cococare
B0014BB6WA,Summer's Eve
B0014SQQ3M,Fusion Beauty
B0014ZA9QU,Maine Coast Sea Vegetables
B0014Z844E,Alacer
B00155Z6V2,Organic Fiji
B00157OBRU,Nag Champa
B00159VK6S,Tisserand
B0015A08VA,Tate's
B0015S3DUK,Helen Of Troy
B0015S8026,Zapzyt
B0015T1D24,Perlop Cosmetics
B0015TG1JE,CuteMch
B0016BFK2U,Queen Helene
B0016HOVZG,A Size Above
B00170HL22,Wellements
B00172Q590,Wilton
B0017DQ0U8,Eminence
B0017GBAAA,IBD
B0017GQKZU,FAIR & WHITE
B0017I8Z6K,Triswim
B0017JT3CY,Thierry Mugler
B0017KYD96,Bare Escentuals
B0017LO24Q,IBD
B0017MTBUA,St. Ives
B0017TZD7S,AXE PW
B0017WIL0Q,Gillette
B00182JYSS,Oral-B
B00185SPJO,Balla for Men
B00185VWWQ,Proven Winners
B001860E92,Balla
B00188150C,Bald Guyz
B0018BYKW4,Graham Professional
B0018BYIE4,Earthly Body
B0018EBA24,Classic Erotica
B0018OVL4G,Kingsley
B00190PJBK,Earth Therapeutics
B0019CK0IK,superkrit
B0019D26L8,TerraNova
B0019DCXIO,Body Boudoir
B0019H4NHO,Ole Henriksen
B0019X3FV8,Wahl Professional
B0019ZD61A,Gillette
B0019ZD5Z2,Crest
B001A1NJOM,Diane
B001A42L2A,Just Nutritive is JustNaturalSkinCare
B001AJ6YS2,Philips Norelco
B001AJ8YGC,Philips Norelco
B001AJD0UM,Philips Norelco
B001AMMSNE,Alterna
B001AMRQ2W,Philips Norelco
B001AMRQ68,Philips Norelco
B001ANKY6G,Pedifix
B001AS5PV0,Clubman
B001AWYUY4,Tibet/Nepal
B001AYLEY6,Mystic Temple Resin/Powder
B001AYLEYG,Mystic Temple Resin/Powder
B001AZ9NB6,Bumble and Bumble
B001B0SHW6,Physicians Formula
B001BB0X8G,"True Tape, LLC."
B001BOKR3E,CELEBRITY
B001BROT1M,Conair
B001CB2RIE,LovePotionPerfume.com
B001CJ693A,Shaver Aid
B001CL2LB2,Eminence
B001CS2JEO,Panasonic
B001CUU9KI,Bell-Horn
B001D0OSLS,Devon Medical
B001DKQ47E,Jerdon
B001DYFIPY,Diane
B001E0C9LI,Philips Norelco
B001E1XWCM,Treet
B001E5E9RA,Gillette
B001E5E9RK,Gillette
B001E5E9QG,Gillette
B001E5PLCM,Clubman
B001E6OB9U,Nature's Gate
B001E6OCAI,Burt's Bees
B001E77O1Q,Tea Tree Therapy
B001E96LXQ,Clean & Clear
B001E96LUO,Clean & Clear
B001E96N6Q,Neutrogena
B001E96OHO,Neutrogena
B001E96P6O,Reach
B001ECVFFC,Indigo Wild
B001ERHU5Q,My Natural Relief
B001ET77OI,Dr. Bronner's
B001ET79AK,John Frieda
B001ET782Y,DERMA-E
B001ET7FZE,Colgate
B001EUCERC,Coralife
B001EWEP9A,Mitchum
B001EXT5J4,ZUM
B001EYCTAK,Aphogee
B001F0JMP8,Be Fine
B001F51QLQ,Gillette
B001F51QIO,Gillette
B001F51RAG,Oral-B
B001F51QI4,Gillette
B001F51R9M,Glide
B001F51RBU,Oral-B
B001F51VFM,Pantene
B001F51T6S,Olay
B001F51VVQ,Secret
B001F51WD8,Zest
B001FB5H9C,JASON
B001FB5LV6,Old Spice
B001FB5LWA,Old Spice
B001FDYHE6,ZUM
B001FT5DMU,
B001FWXT6O,Oral-B
B001FWXTAA,Oral B
B001FWXTMS,Oral B
B001G7PMPE,Oral-B
B001G7R41O,Palmer's
B001G8LKBS,AsaVea
B001GFJL7G,
B001GILLJ4,Henna Hut
B001GN6YFK,Treat
B001GRWHR0,STAG
B001GTI03S,Longcils
B001H0YT5Y,divaderme
B001H66RL2,Mon Image
B001HC54SS,Cosmedicine
B001HLDYRM,Bare Escentuals
B001HLGXAM,Treat
B001HLNBTS,Treat
B001I2Q5DA,Love Potion Magickal Perfumerie
B001I2XAOW,LovePotionPerfume.com
B001II61K6,Tina's Homecare
B001J6O0NW,Panasonic
B001J78QNG,Enessa
B001J7Q458,Appearus
B001J8SL3A,Greenvida
B001J9NC56,Medicool
B001J9R93W,Graham Professional
B001JHYKBS,Yes To Carrots Gentle Exfoliating Facial Cleanser
B001JKRNX2,1.4 oz Dab-On
B001JQLNGE,Gillette
B001JZ6GJO,Forever Living Forever Bright ToothGel - (Pack of 2) ...
B001KYLGZI,Miss Jessie's
B001KYNZ5M,Rimmel
B001KYO32G,Iman Cosmetics
B001KYQ4EG,Rimmel
B001KYQET6,Cover Girl
B001KYU0AK,Iman Cosmetics
B001L3ZDPW,Oral-B
B001LA3K8C,Goody
B001LFF31Y,Oral-B
B001LNODUS,Pre de Provence
B001M2BGDA,Fiat Luxe
B001MP47WE,Super Nail
B001MV6370,Physicians Formula
B001MW1MK2,COVERGIRL
B001O4LYM4,Nick Chavez
B001O707QU,Maxius
B001O82DAW,
B001OHV1H4,Avalon
B001P2NRPC,Revlon
B001P5HCKK,Braun
B001PNCTX2,The Village Company
B001PNCRNO,USA
B001PZRUG6,Seacret
B001Q2FMA4,Seacret
B001QD6YXM,
B001QJTEQK,Gengigel
B001QPT0MW,Song of India
B001QX6R1Q,COVERGIRL
B001QXXIJK,Detailsformen
B001QY8QXM,Astra
B001RK0S7C,Love Potion Magickal Perfumerie
B001RRE66E,Dea Bella
B001RTKWH4,Norelco
B001SPKK7Y,Podz Eyewear
B001T88N0G,Sweetsation Therapy
B001T8UGAG,Goody Styling Essentials
B001TKE47A,L'Oreal Paris
B001TOAX4Y,Earthly Body
B001U1KX6O,Baronessa Cali
B001U1YTDC,
B001U3Y9GW,Canyon Rose
B001U4RGOS,CLEAVAGE CONTROL CLIP
B001UI4DJA,Supracor
B001UJGF3Q,Kate Somerville
B001UQ70NS,
B001V6WWIU,hair rules
B001V9DHHM,Mentholatum
B001V9FPHM,Porter's Salve
B001V9LV1G,Dr. Hauschka
B001V9LAUI,Rimmel
B001VEK1GW,Braun
B001W0QHJA,Olay
B001W3YQZO,Classic Erotica
B001W4BTPS,Classic Erotica
B001W9V8XQ,Lime Crime
B001YI92AQ,Jessica Simpson
B001ZSMOJG,Kate Somerville
B0020100FM,Suave
B0020Z31S6,SKIN79
B0021PXURW,Artemis Woman
B0021YV3C2,EOS
B002299GTS,BeautiControl
B0022XIPB4,Bath & Body Works
B0025PW1DW,Unknown
B00267EGLE,Endura Bond
B0026DE7NK,Dove
B0026MV5V8,Detailsformen
B0026Q2OX2,Dermalogica
B0026TMWK4,Junior Varsity Naturals
B0027BG0YK,REDKEN
B00289DXL4,Gillette Venus
B0028K3IY0,Gillette
B002AA8G4K,ICShopToday
B002AL0MZ0,Murray's
B002ARK308,
B002B4VBV0,Philips Norelco
B002BK2NPM,K Pour Karite
B002BTFQAW,Rose Healthcare
B002BX3PPG,Turbo Power
B002C741MC,Philips Norelco
B002C741NG,Philips Norelco
B002C780W4,Edwin Jagger
B002CMLRX8,AVEDA
B002CMUHDY,Medicool
B002CMSCJU,Medicool
B002CVTVV4,Philips Sonicare
B002CVTVVO,Philips Sonicare
B002DHVAZW,Philips Norelco
B002EF0FAE,HalalEveryDay
B002ESI8B4,Sweetsation Therapy
B002ESGRZI,Sweetsation Therapy
B002ESO6GU,
B002EZ5GJ4,no! no!
B002FCQAKA,Tibet/Nepal
B002G8L0LC,Vibe
B002GJTYF0,Philips Norelco
B002GP80EU,Urban Spa
B002HEW7SK,Designer Skin
B002HG4JLQ,Peter Thomas Roth
B002I7N4B0,AMERICAN CREW
B002K4NP1U,Classica Erotica
B002K5SWA8,Ricerfarma
B002N5MI3W,TIGI
B002NEL6DG,MelodySusie
B002NGMHUK,Betty Dain
B002O2JXWS,The Body Shop
B002OITLG0,Fairy Tales
B002OMGNLC,CMS Technologies
B002OSEMYG,Natureful
B002RPHB0S,Thermal Spa
B002RTUK70,Edens Garden
B002RZXYFO,Kama Sutra
B002RZZXYE,Kate Somerville
B002SRCAZ6,Kerstin Florian
B002T3SRRE,Make Up For Ever
B002U33OBM,HEM 6 Pack 20 Stick
B002WJ40RG,KITCHEN COLLECTION
B002WJHJWO,Thymes
B002YF086A,Earthly Body
B002YMTLPM,Fruit of the Earth
B002ZP7S12,Betty Beauty
B0030HSD40,Crest
B0030V06D2,
B0034AUQ1Q,Piksters
B003558O1E,Primal Elements
B003654U48,Fresh
B0036IV7MS,Oxy
B00375L8YM,Freeze 24/7
B0037MIMK8,COVERGIRL
B00383Q2KI,Wolfe FX
B003983HRI,Gillette
B003983HW8,Gillette
B0039LMTB0,Gillette Venus
B0039LMTAG,Gillette
B003BQOT8Y,Feather
B003C5FLTK,
B003CP12UW,Gillette
B003CP12F2,Gillette
B003CU26SY,Tropic Isle Living
B003EERKK2,Jubujub
B003FMSBSI,Singlin
B003FZGQFK,Kerastase
B003H3S85G,Dr. Denese
B003I5SC3Q,Stay On Satin
B003I5VN7I,Stay On Satin
B003I5SDJO,Betty Dain
B003J9R50W,Hydas
B003JBN266,Baudelaire
B003JVYRVA,Estee Lauder
B003K58UEA,Estee Lauder
B003KWO3UI,Gillette
B003KWOOMK,Old Spice
B003KWWA4E,Old Spice
B003KWW9UO,Old Spice
B003M6WYW6,Gillette
B003N3OD1S,kNutek
B003NNO4MQ,Himalaya
B003NTV2KC,Liberator
B003PHJWFO,"HerbsForever, USA"
B003PP0CPU,Chom
B003QAD9UE,NEW SPA
B003QYSO46,Orajel
B003RC3ZSC,Remington
B003RSIZOU,Benecos
B003RVFFY0,Radox
B003U80TAU,Hesh
B003UYJO50,The Body Shop
B003V16DOW,NAIVE
B003V1BKLI,Emerita
B003VID3KM,Cashmere Bouquet
B003VUOBJC,Listerine
B003W5XI68,Millennium Tanning Products
B003X9YAL0,Hesh
B003XDQ74O,Crest
B003XDQ76M,Glide
B003XGYTQE,Vadik Herbs
B003XS017S,Pherazone
B003XSINE6,Be Natural Organics
B003XVTFY0,Fuji
B003YQ1UYW,Forever Florals Hawaii
B003ZFK0KW,
B004018VP6,SEXYHAIR
B00427UY8K,Kilian
B0042TNAV6,Dri Sweat
B00435KHQA,Booty Parlor
B00435OZT0,Booty Parlor
B0043KC8HG,
B0043QNR2K,PherX
B0043QYAS0,PherX
B0043QZXAE,TAMMY TAYLOR
B0043R3CEW,BACKSCRATCHERS
B0043R3EBS,BACKSCRATCHERS
B0043R528G,IBD
B0043RL0SC,Braun
B0043ZJR9S,Unknown
B00442WU8A,Meter.llc
B0044ICFDO,Sooryehan
B0045STQ62,Balla for Men
B0046237M6,AzureGreen
B0046XQ75Y,Goody
B00481CYIS,Nature's Sunshine
B00485JFP4,Unknown
B0048FIGXG,
B00498HELC,Old Spice
B00498MQIS,Old Spice
B004A7PB1C,Gillette
B004A7PB26,Gillette
B004A7VFHG,Gillette
B004A7T7A8,Gillette
B004A7NXG2,Olay
B004AI7NXA,Secret
B004AI9OBY,Goody
B004AIE8Y2,Sea-Bond
B004APTUFM,Alterna
B004BC62MI,Fresh Body
B004BD9152,L'Oreal Paris
B004BRN154,DHC
B004BUV8V0,Free Your Mane
B004CALFE4,BVLGARI
B004CM406C,Balla for Men
B004CNFCZ4,Salonchic
B004CNIQQQ,Seche
B004DILT7I,Britney Spears
B004E3ION4,BIC
B004E4GHRS,rootsherbal.com
B004EAXR7U,Myeasybag
B004EBPD3K,Myeasybag
B004EFECYC,Goody
B004EMKRE4,Shima Hair
B004F1UM2G,Agis
B004FK7R02,
B004I788UK,Clinique
B004IQA3TU,Alterna
B004JU08EA,California Tan
B004KEJ65C,Folicure
B004KEKFDY,Ardell
B004KEOMC4,Mane 'n Tail
B004KEQTM0,Palmer's
B004LSFC2S,White Egret
B004LTF18M,
B004LUQRJI,Paul Brown Hawaii
B004LXKY4E,Rimmel
B004LXJVAC,Rimmel
B004LXKYDA,Rimmel
B004M0FW8Y,The Doctor's
B004MBJL58,AXE PW
B004N56WWI,South Beach Skin Solutions
B004OOFD1Y,Noogleberry
B004P5R5G8,Bumble and Bumble
B004P5R57M,Bumble and Bumble
B004P7AXOW,Secret
B004Q2PHG0,Perfecto
B004ROV2UM,Alterna
B004SBJBNO,SMELLEZE
B004SJZ0DG,Vivite
B004U7NNKS,Victoria's Secret
B004UKJE9Y,Fushi Wellbeing
B004UTS0B8,American Bantex
B004UTSRNY,Roscoe Medical
B004V43Z44,Prada
B004VGIA60,Opalescence - Ultradent
B004VN9HRE,Chom
B004WBEUJK,
B004WYV00O,Tints of Nature
B004X8N2J6,Lantique
B004X8P4FG,Plackers
B004XIILNI,Liquid Latex Fashions
B004XISHKU,Jubujub
B004YNIO6Q,CLEAN
B004Z5H0XG,Nubian
B004ZWOFFA,Femfresh
B00505FE4M,PFB Vanish
B0050RIN98,uxcell
B0050VU3H4,BVLGARI
B00515GS50,80 Acres
B00517W5LY,Braun
B0051M47T2,CareNatural
B0051M4760,Chom
B0051S94NA,InterDesign
B0051TSNB8,wet 'n wild
B0052D432Q,Wet 'n Wild
B0052YPJ7S,Shima Hair
B0053OTNOW,Aveda
B0054EOOQS,Ban
B0054EU4Z8,Patriotic Christian Caps
B0054H0NZ6,Mia Secret
B0054PCP0O,EnvyDerm
B0054Y1R4U,Keune
B0054Y1YBQ,DevaCurl
B0054Y1UDS,Chunkaew
B0054Y2F0K,ISO
B0055DMFC8,Calorie Off
B005678KUY,Phytomer
B00567UTKI,Paradise Island
B0056YTF5G,Physicians Formula
B0057958JM,SAAQIN
B0057EVRHO,Mia
B0057M3T8G,Gillette
B0057N3TPS,Too Faced
B0058A4ZOE,Hegar
B0058H0GA4,e.l.f.
B0058NLLUM,Carol's Daughter
B00592MLTC,e.l.f.
B00592MMPA,e.l.f.
B005ADZZZ2,Fixodent
B005AJ9OLW,Claudia Stevens
B005AX9R10,Earth's Best
B005B6GCN2,
B005C18UTK,ocusoft
B005CHEGF6,Sally Hansen
B005CHEK6Q,Sally Hansen
B005D78YSU,ZUM
B005DIQD00,Parker Safety Razor
B005DMBC0C,Lip Ink
B005DN8DWQ,Seche
B005EQOLAA,NARS
B005F11WP6,Bundle Monster
B005FFIDT0,Huiles & Sens
B005FFOL5U,Annie
B005FJP2TK,Cheeky
B005FRXQ5E,Your Inch Loss Solution
B005GJ2XFA,AXE
B005GMY86O,Wet 'n Wild
B005GMY84Q,Wet N Wild
B005GMYQ52,Wet 'n Wild
B005GMYPTE,wet 'n wild
B005GMYPX0,wet 'n wild
B005GMYQ1Q,Wet N Wild
B005HRT0U2,Aveeno
B005I034LO,Goody
B005I8RH78,Fundamental Earth
B005IC4V8C,
B005IHE9UC,
B005IHT94S,Neutrogena
B005JD4KEU,
B005JF3P26,Softee
B005JK5T20,PRISTINE HAIR
B005JMA5F4,Kerastase
B005JR4ZZ0,Splat
B005K0T4OI,Kevin Murphy
B005K1P6G2,Dream Products
B005KDW4GK,Vinolia
B005LDE1JM,Caseometry
B005LFO2DA,Suave
B005LN5I3A,Algenist
B005M2C6PS,GATSBY
B005MAHBIC,NuPouch
B005NA188A,The Body Shop
B005NCIJV2,Unknown
B005NISGSC,Proclaim
B005O0SBHA,Nzuri
B005O221QA,Air Wick
B005P0T7E0,Acure
B005P0XN72,Plantlife
B005P9STYA,HAPPY SEEDS
B005PWE9PA,The Original CJ's BuTTer
B005Q7EM2O,Veet
B005QDYH8M,Fuji
B005RI7198,Colageina 10
B005ROU5U4,Daiso
B005S62MCK,SWISSKOLAB
B005T7VA4Y,Wahl Professional
B005UDGJ0C,Jonre
B005V3AV5U,
B005V3B1HC,
B005V3AUUQ,
B005V3AUK6,
B005V5SRUE,Poo-Pourri
B005VEDY1C,
B005VEDOD0,
B005VEYDJE,Classic Erotica
B005VGT2NY,Dr. Bronner's
B005VI0DSK,Softee
B005WIIQ42,Pelindaba Lavender
B005XHEEZM,
B005XSZS92,DermaSilk
B005Y0AZXI,My Pink Wink
B005YH8LLO,Body Boudoir
B005ZY8LB6,Stay On Satin
B0060P7J5S,
B0060PA7A2,
B0060PEHYE,
B0060QIQ3G,Perfecto
B0061QFS7M,Salon CA
B00622H60M,SKIN79
B0062C8G0Q,CHANEL
B0062N624M,Thornton 3in1 Floss
B0062P7MKS,
B0062ZI7KC,Deep Steep
B0063G8JWQ,Global Beauty
B0064GNNHQ,Vulfix
B0066EYBL8,OLIA DESIGN
B0067F28ZW,Fiery Youth
B00692OX2O,NA
B00694GUFK,SalonPro
B0069608GU,hair rules
B0069C38BQ,
B006APUKO0,wet 'n wild
B006D8GE4E,
B006DMM0SE,Chom
B006F6XJJW,Natura Siberica
B006FLRZ5G,Conair
B006FYLEOG,Kuumba Made
B006GDB518,Liquid Latex Fashions
B006GESCPY,Liquid Latex Fashions
B006H8X3JO,Dragon Hawk
B006I1WEB8,
B006IB5T4W,Aquaphor
B006IMD7D6,Nuskin Epoch
B006JDDF0O,WAHL
B006JZ0L7C,Too Faced
B006JZ0IRA,Too Faced
B006L44UA0,Royal Nectar
B006LTTBMW,Hansi Naturals
B006M5HE0G,Ultimate Arms Gear
B006MRPMMG,Head & Shoulders
B006O3MNIY,ALAZCO
B006OO0CG8,stay on satin 779-B black
B006T5OCJ0,
B006U7NSO2,Green Air
B006UCER10,Patanjali
B006VS7VJ8,Queen Helene
B006VT0M1G,Mason Natural
B006W2SYHQ,Philips Norelco
B006WYJM8Y,NARS
B006WZ9ZHQ,Rimmel
B0070D9R8G,Rasta Imposta
B0070IAT38,Sewak Al-Faleh
B0070Z6Y2G,J.R. Liggett
B007152FXW,Mommy
B0071HJHR2,SunFeather
B0071HJG5A,SunFeather
B0071NUUSQ,Booty Parlor
B0071NVC2Y,Perricone MD
B0071XOZEG,Old Spice
B0073TIUNU,Jergens
B0073ULGQM,Fiery Youth
B0075A7UR4,Booty Parlor
B0075BT36Y,Chom
B0075OYBQI,Chom
B0075OYLKY,Mary Kay
B007631896,Lioele
B00763F252,Oral-B
B00763M03O,Oral B
B00766SGPM,Wet 'n Wild
B0076XLKYE,Heritage Store
B0077P1DG6,SWEATER CLIPS
B007A4N5G0,Philosophy
B007AS4ZD8,NAD'S
B007AUWRWW,Diane
B007AVPFUC,RL Line
B007CM1CGU,Indigo Wild
B007CM4EQU,Indigo Wild
B007D1E82U,Indigo Wild
B007D1E83Y,Indigo Wild
B007D5Y5V0,Supracor
B007D825U0,
B007E2TKAI,Reference of Sweden
B007EITOSK,Super Sunnies
B007FAOQF8,Bare Escentuals
B007G4VM3C,Rolyn Prest
B007H8X9ZG,NozAmi
B007HERMKI,
B007HKOVH4,Too Faced
B007HNIE2E,Cock Grease
B007I0M5F8,Carol's Daughter
B007I9FEUW,Gordon Laboratories
B007IX2KXC,HARMONY
B007JLYEYQ,Badger
B007JUIBMI,Crest
B007K6LID0,Crest
B007KQA25A,Silipos
B007KXO7LS,Unknown
B007N7AOPE,Liquid Latex Fashions
B007N79JIM,Liquid Latex Fashions
B007NIR2C6,Betty Dain
B007NIQVFK,Betty Dain
B007NQA6YO,
B007PSHW8I,Zest
B007QG7G3U,Aliceva
B007R6UXNY,SoftSheen-Carson
B007RKC284,unbrand
B007SA3AUW,wet 'n wild
B007UHY8IG,GREEN GOO
B007V6JNE0,
B007X6423K,Hansi Organics
B007XA2T9U,HABA
B007Y4EFWE,Kevyn Aucoin
B007YQUSKA,Nailene
B007YT34TY,Super Sunnies
B007Z5RTRK,Winstonia
B0080P3EBE,Mirage Cosmetics
B00819FMPA,Tammy Taylor
B00819FMW8,Tammy Taylor
B0083S59MA,TIR Massage Stone
B0084FILB8,Classic Erotica
B0084I3XGI,SmellGood
B0085DK78Y,
B0085RZLVS,Philips Sonicare
B0086LC16Q,Hongnuo
B0087OJVTC,
B0088AGSPA,Singerhaus
B0089NNY4E,Avon
B008BWPCIY,BodyJewelryOnline
B008CC3OKQ,Oral B
B008CLINIA,Apothecary
B008E0DBYA,Iridesi
B008JGX15I,NEST Fragrances
B008JGT2BU,VIOlife
B008L2ST0W,Olay
B008O0ZTPO,NYKKOLA
B008ORT4NU,Bumble and Bumble
B008OW5HL8,MoonEssence
B008OXW0UI,Live Live & Organic
B008QIGOTE,
B008R7CNOE,Crest
B008S1WYIO,SmellGood
B008S1XBAE,SmellGood
B008SC3V4O,AVEDA
B008SK2D54,TOOGOO
B008U1Q4DI,Jubujub
B008UDHDMC,Red Carpet Manicure
B008URTTR0,Kama Sutra
B008VHPM6Q,Potent Jamaican Black Castor Oil
B008VX027O,Wedderspoon
B008VWN7B8,Incredible Scents
B008X3PF9W,Philosophy
B008XADNJE,
B008XLHW86,Potent Jamaican Black castor oil
B008YQM44C,Colgate
B008YQM4A6,Colgate
B008YW21SA,SkinMor
B0090851WA,White Rain
B0090F0RX6,Dead Sea Warehouse
B0090JSBYY,Panasonic
B00912L5RK,Seventh Generation
B0091HI0F0,Orly
B0091IMZL4,Donna Collection
B0091OCDRE,Andalou Naturals
B0091OCA86,Andalou Naturals
B0092ZZA4A,White original earth
B0093A4P0Y,VIOlife
B0094G39KE,Oral-B
B0094M2WXI,TRB Chemedica AG
B0096D8FIG,HODAF
B0096M7TQG,Bare Escentuals
B0096MIQAE,AKEfit
B0097PF0VI,Zest
B0099O72VS,"Wenzhou Cofly Optical Co.,Ltd"
B009AED4EG,RALPH LAUREN
B009ERVUNG,Tayongpo
B009F9UDYA,Sensationail
B009GINDGU,
B009GPPZ28,The Body Shop
B009JITT74,Uncle Harry's Natural Products
B009JKJ69I,EpicCosplay
B009NLSTLY,
B009ON95KU,Evecase
B009P9TBV6,AsaVea
B009PIJV1W,Crest
B009QZD6D8,
B009RUZAQS,Britney Spears
B009SAVQ7E,Kai
B009SNB978,Cuchini
B009WHZ7QE,wet n wild
B009WI44JE,Jordana
B009XDMNL4,Australian Gold - Jwoww One & Done
B009YDVB6Q,
B00A2WF0D8,Shea Moisture
B00A6IKZBU,
B00A71PGQU,Bath & Body Works
B00A7CUYDE,
B00A8LH7AC,Surya Brazil. Henna Chocolate Cream - 2.31 Oz -2 Pack
B00A9YLM5E,
B00AAGQ56W,California Tan
B00ABIOBNI,LAMB
B00ACBH2EY,
B00ADXZ9LY,Alervo LLC
B00AEU6D8E,Earthly Body
B00AEXPIQO,Pure & Basic
B00AF68E8O,Khadi Natural
B00AFBKPJU,BioSource Naturals
B00AFCOWJS,Gillette
B00AFCPA26,Gillette
B00AFCP6NY,Gillette
B00AFISVWQ,Oyin Handmade
B00AG4OUOM,Earth Solutions
B00AH5PUNA,Earth Science
B00AHIGC7A,EarthWise
B00AHQWICU,Aura Cacia
B00AIKSLGW,Kate Somerville
B00AIPZYZI,Perfecto
B00AIOY2F2,MYI Occlusion Eye Patches
B00AIOVJAI,MYI Occlusion Eye Patches
B00AITFCTC,NuKira
B00AJECD2A,Dream
B00AJOTR6A,NuKira
B00AKP21KM,Pielor
B00AL4XD7M,Caboodles
B00AMFDM8U,Vaadi Herbals
B00ANIQPZ8,Qimisi
B00AO9JKEO,uxcell
B00AOBJCJK,
B00AOCW264,
B00AP3XTN2,Aroamas
B00APJH4EG,beautyshow
B00AQXD2HO,Majestic Drug
B00ARBOMTM,SODIAL(R)
B00ARM4Q7O,Eveline Cosmetics
B00ARNTNL2,SF Cologne
B00AT9JH6K,
B00ATL7ECM,Sulwhasoo
B00ATRBBC0,Mennen Speed Sticks
B00ATV35SY,Toji
B00ATUZVA0,Mahabhringraj
B00AU62JG2,Murray's
B00AUXUYBW,Chapstick
B00AV1I8KW,Serina's Bow Tiq
B00AV2YL98,ProXeed Plus
B00AV8LR4E,Earthly Body
B00AW0T5MW,
B00AWD95HE,Beauty Town
B00AWECYYO,Vienna
B00AWJYJM4,Degree
B00AX2BB9E,Diane
B00B0SA1SC,Cinnamon Vogue
B00B1IV2A2,Skin2Spirit
B00B1POA18,Betty Dain
B00B1PO68U,Betty Dain
B00B24CITE,Selenium Professional Cosmetics
B00B2FJFXK,William Marvy
B00B2SJL9K,Endurance Shield
B00B46UFD6,Devoted Creations
B00B4OTTKS,Vktech
B00B4SUZAW,Zest
B00B4WR1ZK,Cock Grease
B00B4WUOTK,Cock Grease
B00B53KQDW,imoocare
B00B6YWV74,BCL
B00B6XTTL6,Stemulation
B00B7G9I5O,RoC
B00B7K0Z8E,Williams
B00B7V273E,Mad Hippie
B00B812MLA,Booty Parlor
B00B9V9ASM,Pantene
B00B9W4JVY,"Wenzhou Cofly Optical Co.,Ltd"
B00BCAQXH6,b.m.c
B00BD3PSY6,Chunkaew
B00BE539PS,Johnson & Johnson
B00BEGEQKO,Sleek MakeUP
B00BEGEQNQ,
B00BEJFWPO,Fashion First Aid
B00BF84P2K,Betty Dain
B00BFMFUIE,SkinCeuticals
B00BFYK4KG,More of Me to Love
B00BHLQGMC,Sigma Beauty
B00BHMAOAQ,Deity America
B00BHQWMHU,
B00BHXAWX4,Sonvera
B00BI718GE,Conair
B00BJ5BD6K,Liz Wig
B00BJ87GYK,ETS
B00BK5IM6S,
B00BL3YOP2,Perfecto
B00BL9H43A,Serina's Bow Tiq
B00BLE8O84,Moon Valley Organics
B00BLVT1L6,Coppertone
B00BMVV3MK,Style Edit
B00BMW24TU,Emori
B00BOJRGGM,Jelique
B00BPEMPPS,
B00BPMPVO2,Zenia
B00BQ47QHY,
B00BQCG52I,L'Oreal Paris
B00BQGYBO8,Nivea
B00BQS15XG,NeuOra Microceuticals
B00BQUALEI,
B00BSE2BO0,REVLON-CUTEX
B00BSE3III,Jhirmack
B00BSXEUOA,Streamline
B00BSY3IG0,
B00BT2QSW2,
B00BTIPFGG,
B00BTPPVH2,Nailicious Ten
B00BUR3U36,Palmer's
B00BUVKBAC,Patanjali
B00BWIT33Y,CJESLNA
B00BXPVIT8,Braun
B00BY8AGHE,Walker Tape
B00C1Y9IPQ,
B00C1ZNH5M,
B00C4207LY,ReNext
B00C674WRM,COVERGIRL
B00C6CCD8C,RazoRock
B00C6NZH3E,Philips Norelco
B00C6QB9GK,UMBRELLALABORATORY
B00C7OO666,Earth Science
B00C7SA60M,
B00C7W5L44,Superstar
B00C8HC1HI,SmellGood
B00C8ICCOE,Victoria's Secret
B00C92OA30,Vktech
B00C9V23BC,Genie Bra
B00C9V23D0,Genie Bra
B00CAGJHVA,Colgate
B00CAGJKSK,Colgate
B00CAGJHWO,Colgate
B00CBKVL82,Donna Collection
B00CBY8RQ2,Posey
B00CBYCNNK,Metagenics
B00CCG7UZS,Utopia Care
B00CCJDF1S,Goody
B00CD6X9G6,Bali Beaded Jewelry
B00CDKTE48,Crest
B00CDPX5UC,"LaRosa Innovations, LLC - Inventor/ Owner"
B00CF2P7AY,Corrine
B00CF38SAO,"LaRosa Innovations, LLC - Inventor/ Owner"
B00CF8I69C,
B00CFBNFC2,47krate
B00CFCVMUS,Tanda
B00CFDBOKA,Earthly Body
B00CGPKA0M,invisibobble
B00CGYEPPE,Mederma
B00CHH3IDK,Life gears
B00CI9Z97A,Pecksniffs
B00CIO8VES,Aura Intense
B00CIUB01S,"LaRosa Innovations, LLC - Inventor/ Owner"
B00CJ39K02,Nailicious Ten
B00CJ7IOP0,
B00CKWZGIW,Parker Safety Razor
B00CLUEVI4,Callas
B00CLUR8IE,Natura
B00CM0PUZQ,L.A. COLORS
B00CMFO62Y,Rimmel
B00CMIQEG2,Queen's park
B00CO26T5W,ArRord
B00COGVXNQ,willatram
B00CORMS9I,Urban Spa
B00CP55S96,eKingstore
B00CQ0LN80,Victoria's Secret
B00CQ16CT4,Tojwi
B00CQ1C6RG,TOOGOO(R)
B00CQ7ZMXK,Indigo Wild
B00CR6X0IY,Docooler
B00CUG25FU,Philips Sonicare
B00CUIVI6A,N.Y.C.
B00CX4CFWW,Nature's Oil
B00CZ75OQG,Innisfree
B00CZH3FGM,Crest
B00CZH3K1C,Crest
B00CZH3LQG,Crest
B00D0GB5R8,Manic Panic
B00D1Y8WU2,
B00D2I3YGE,
B00D2NURYQ,COVERGIRL
B00D3071UQ,Carapex
B00D3D0XTY,
B00D3M0CRS,Poppy Austin
B00D3OX3EU,
B00D52Q9QO,OraWellness
B00D5UUYFS,Nature's Oil
B00D5XIFL0,Nature's Oil
B00D5Y03D2,Nature's Oil
B00D78KMQ4,L'Oreal Paris
B00D7ZF8PC,X&Y ANGEL
B00D8FUHFC,Lantique
B00D8N8DU0,
B00D8PMACA,
B00DBWWU8E,
B00DDVAVN4,Fresh Body FB
B00DEIV266,Zest
B00DET0DX8,"C & A Collections, LLC"
B00DG6QMU2,Sensationail
B00DGBSOXK,
B00DGW1SFK,
B00DH20EMW,
B00DH54506,Chom
B00DI93JB2,Ocean Avenue
B00DIP4G4A,NSI
B00DJHNVCK,Earthly Body
B00DKEQYJY,At Last Naturals
B00DLI997S,
B00DLK2PWM,Cortizone 10
B00DMK9BSW,OMAROA
B00DNIA830,Sonic-FX
B00DPYWXHQ,
B00DQA5QZK,Beauty Aura
B00DSDJS0O,Sexy Hair Concepts
B00DT4757A,LPVLUX
B00DUTC51U,Anself
B00DV4288E,Weeks and Leo
B00DV5AOLG,
B00DV76LU2,Maple Holistics
B00DY59MB6,Crest
B00DYIEIVC,
B00DZZETZ4,Organica
B00E0LWEQS,Wahl Professional
B00E1E1ZC8,uxcell
B00E25TRKI,MANIC PANIC
B00E3VYL1Q,
B00E3W3GPC,L'Oreal Paris
B00E494P18,
B00E4AS63A,UBeauty
B00E4MRWS8,Just for Men
B00E4Y45YK,Lockology
B00E5GK4Y2,Petitfee
B00E5K3N2S,Caswell-Massey
B00E65BK9A,
B00E679HJS,Rimmel
B00E698CAG,Hydrolatum
B00E77F8PO,Orzene
B00E7CGFGK,Marilyn Miglin
B00E7HGHMW,
B00E7OM2BU,USAMZ909
B00E84UPOU,Zink Color Inc.
B00E87CO2I,
B00E96RCEI,Belcam Bath Therapy
B00E9CAHOE,Love Potion Magickal Perfumerie
B00E9VCA2W,Hawaii-2016
B00EBCS3TS,"100% AUTHENTIC Mfg. only byTrue Tape, LLC."
B00EBZD0PW,Etude House
B00EC21OIE,"CosmeSearch, Inc."
B00EC9XKNY,Greenvida
B00ECH7RTO,Lab Series
B00ECMPH5A,Hair Flowers
B00ED5HCXG,Premium Life
B00ED7AC2M,Dermalogica
B00EDDU7FI,qs jewelry
B00EF1QRMU,TNGY HAIR
B00EGIPRFU,Skinn Cosmetics
B00EHJ91HI,SmellGood
B00EHN4TH6,Signature Club A
B00EJD6YUE,Beauticom
B00EJDK82O,Beauty4U
B00EK53QZC,Donna Karan
B00EMAJL1S,Booty Parlor
B00ENL2O88,Koh Gen Do
B00ENL5PCK,NuKira
B00EODVHYM,b.m.c
B00EODVGX4,b.m.c
B00EORBS92,TEMPORARY TATTOO FACTORY
B00EP1N77I,SmellGood
B00ES3WTNG,Gold Bond
B00ESMQKUU,Chom
B00ESZLEXK,HotEnergy
B00EUVOGV4,Etude House
B00EVX224E,
B00EWSYDWW,
B00EWUFETQ,ELETOP
B00EXJJRHQ,Truefitt & Hill
B00EYC8W96,Liberator
B00EYW1KDG,SafeYSF
B00EYZY6LQ,Fekkai
B00EZFUZA6,Economize
B00EZTEB9S,DUO
B00F029PWC,
B00F1WC4RO,NORLANYA
B00F1XUQDC,Avon Foot Works
B00F550JWE,BeWild
B00F5BNWL8,Jagazi Naturals
B00F8HWJ2M,
B00F9F1VVI,Piping Rock
B00FACYJ8M,BeautyFit
B00FAX4Y2M,H2Pro Beautylife
B00FB2WUWI,Young Nails
B00FB4R07Q,kilofly
B00FBFSOKC,Clouds
B00FBMUIA4,Fuji Paper
B00FBXJ11K,
B00FE90M0K,Mehron
B00FENI02S,Walker Tape
B00FF49HDW,Lingstar
B00FFVHZXE,COSEMY
B00FFYNLUW,
B00FG0AR0W,
B00FGY4N12,
B00FIUEIY6,Beauty Aura
B00FJ0D93Q,Mirenesse Cosmetics
B00FJPMNEM,
B00FKCGK16,Unknown
B00FKXV8ZI,BedHead Pajamas
B00FL8AYVQ,
B00FLLLGXI,Beauticom
B00FOGX0NE,e.l.f. Cosmetics
B00FOGXKG6,
B00FOGY4XE,Wet 'n Wild
B00FOGYS44,
B00FOH01TE,
B00FP0HB1G,Milliard
B00FP16508,X&Y ANGEL
B00FQ13MPI,DermaSilk
B00FQBO996,Halloween FX
B00FQI9HYG,WAHL
B00FQR7WKI,Prell
B00FR1C5J6,
B00FRDPQ54,Fekkai
B00FS6SH1A,FEELONTOP
B00FVVRKVA,NEW SPA
B00FVZHS0O,
B00FW6JXNM,Pedifix
B00FXTE88S,Diva Stuff
B00FY0NQSO,The Big Tease
B00FZERN3I,RICCOS
B00FZM7KF6,willatram
B00FZP1298,imoocare
B00G0U5TZK,Shaving Factory
B00G0U5U7C,Shaving Factory
B00G14QJA4,Beauty and the Bees Tasmania
B00G3CY2PI,Sports Accessory Store
B00G4S1N7G,
B00G524K8U,
B00G5L867C,Philips Sonicare
B00G6Q8JVE,Sulfur Butter
B00G6S8UY8,BeWild
B00G70DQ0I,Namaste Skin
B00G8W9Q04,
B00G96CKKM,
B00GBYNAJM,ReFaXi
B00GE5GLQC,
B00GFDREOQ,
B00GH7OSEO,
B00GH7OZX8,
B00GHJOM2U,Home Health
B00GICLFKI,Eayon Hair
B00GJ4G686,Journey Layne
B00GJBCL1A,Sugar
B00GKCAA0M,AXE
B00GLRJG74,
B00GMCP5NC,
B00GMOKVZW,Prettyshop Hairpiece-Bun
B00GMP3WJS,Groganics
B00GMP5066,FOLICURE
B00GMP6LOQ,Organix
B00GMPERDS,ASYOUWISH
B00GMUXGC6,
B00GMXWKXY,
B00GNU09OS,Socks
B00GP2O6L6,Pecksniffs
B00GP39XPO,Mane 'n Tail
B00GP4JCOA,Golden Rose
B00GQOTDZC,Loel
B00GRMUN7A,
B00GRPS4IM,
B00GS8AAS0,Josie Maran
B00GSKNWFG,
B00GTYBBTA,
B00GTYBB72,
B00GUGYA9U,Perfecto
B00GUYNF3O,Easy & Fashion
B00GW4X500,e.l.f.
B00GW557GE,e.l.f.
B00GW51XFS,e.l.f. Cosmetics
B00GW58YC8,e.l.f.
B00GWBZM7C,
B00GWDX0JW,
B00GWZYXBO,
B00GX68KI4,SDBING
B00GXD27OK,iGrow
B00GXMXRMC,Teacher Peach
B00GYKPNF2,
B00GYTFG4Q,ASYOUWISH
B00H1AWB6S,
B00H1M8R3C,mokingtop
B00H2S7EN4,MD Barber
B00H2S84EM,Janet's Girls
B00H3VQVQG,
B00H3VQT40,
B00H4C6L2I,Element
B00H4EEK1K,
B00H67S2O6,BioTissue
B00H71UXFC,TOOGOO(R)
B00H78Q1D8,Betty Dain
B00H78Q0XE,Betty Dain
B00H86AHHK,Andre
B00H8AOEFM,
B00H9MVL1E,Jamaican Mango & Lime
B00H9WJJIQ,HEALTH LINE MASSAGE PRODUCTS
B00HA1FS3Q,Towallmark
B00HA8JNSU,Rstar
B00HA9F1AS,Betty Dain
B00HADEHUO,
B00HAZ7W7M,
B00HC9VU6A,GlobalTrendy
B00HE0CB6A,
B00HE5BA2G,SODIAL
B00HFNJ4W0,
B00HFXW45E,Prettyshop Hairpiece-Bun
B00HG858OM,
B00HGDKN8S,EG GIFTS
B00HGSGFWQ,EsenToys
B00HH4R0DC,
B00HHFNGIY,MayaBeauty
B00HID2N9I,Tojwi
B00HJ2JVUW,
B00HK6AHRI,
B00HLRS44O,Bella
B00HLXEXDO,E&O Essentials
B00HLXYMI0,
B00HM8UG16,The Pedi Store
B00HMBN5PC,Mehron
B00HN05I8Y,
B00HN9GCTE,
B00HNISPU4,
B00HNK96UK,KAMO
B00HNKXT3A,Fresh Guard
B00HNR5I46,Bella
B00HQNLTYK,b.m.c
B00HQNLT7C,
B00HR5702W,uxcell
B00HR6ALJA,
B00HRLXVCO,
B00HS1ANOW,Salon CA
B00HSZK78A,ForPro
B00HTMBJZ2,Damero
B00HU6W8AM,MisterWand
B00HU9UIZQ,The Pedi Store (TM)
B00HUA0HAG,The Pedi Store (TM)
B00HU9MH64,The Pedi Store (TM)
B00HUDQALS,Alaffia
B00HWI6JA8,Jason Natural
B00HWL3KRU,OIBRIRHEQRGJB
B00HX3J5JY,GiniHome
B00HX7AQ98,Bella
B00HY58WMW,regis designline
B00HY5BS7S,
B00HY5BN00,
B00HY7S61W,Top Plaza
B00HYCWWNK,Caswell-Massey
B00HYEPVG8,Astra
B00HYUXTRA,Beautiful Bead
B00HZX13ZQ,Iseason
B00HZZ000I,
B00I02NWQO,
B00I0D44D8,Dr. Miz
B00I11LBOY,Bath Accessories
B00I2OR6YE,
B00I2WUDK0,Vaseline
B00I3F4QSQ,Bytox
B00I3NJ2Z0,Optic Shop
B00I4FRAW4,Zuzu Luxe
B00I4ZTFCM,Saloniture
B00I547XB2,Rosehip Plus
B00I6Q2QCK,
B00I86O3WE,RODAN + FIELDS
B00I8R6VQ4,Beauty Acrylic
B00I8S1TUQ,AmericanProTattoo
B00I9267YO,imoocare
B00I9GOCCO,Perfume Studio
B00I9JIAFG,Michel Design Works
B00IAA5WLE,ElastaQP
B00IAA7CWG,Roux
B00IAADX6U,Aura
B00IAZSG5S,Violet Twig Aromatics
B00IBDDALY,Betty Dain
B00ICQV260,
B00ID2CXF2,
B00ID2BCP4,
B00IDD0YLG,
B00IDEMCRE,Philips Respironics
B00IE3Y5GK,Bella
B00IF7QF1S,
B00IG0RLVM,Lice Shield
B00IIAJXF2,SpellboundRX
B00IIAK0RW,SpellboundRX
B00IIAKGEE,SpellboundRX
B00IIAK94Q,SpellboundRX
B00IIAK9RI,SpellboundRX
B00IIZG80U,OC Nails
B00IJ4LMS8,Kobwa
B00IJ868GK,Alteya Organics
B00IJHRQ3U,H2O Plus
B00IJHY54S,Spongelle
B00IKC0UDC,
B00ILXRPQ0,Schick
B00IMQFPIQ,
B00IMQFSII,
B00IMQERVW,
B00IN9CEWC,"Earth Therapeutics, Ltd."
B00INX0TMA,NEW SPA
B00IPLGLKO,Earthly Body
B00IPV2K3Q,Anastasia Beverly Hills
B00IPVCCVQ,Beauty and the Bees Tasmania
B00IPV2LPI,Anastasia Beverly Hills
B00IRDKK5C,Briogeo
B00ITNNJ8A,ChineOn
B00ITNNI4K,ChineOn
B00ITXFKB4,Teeth Whitening Supply Depot
B00IU5EDKK,Opalescence
B00IUFQZY2,
B00IUI1N78,Alter Ego
B00IUI0QFS,
B00IUJJDQ0,Gelish
B00IWB3TZW,Thymes
B00IWQUOV4,Damero
B00IXHBQ5U,
B00IY2AFHY,Booty Fresh
B00IYPS1B8,
B00IYPRZ7O,ASP
B00IYSQIPG,RubyLux
B00IYTCTX0,Marula Nature
B00IYYLGQQ,
B00IZ6ANE4,Thymes
B00IZC5TIS,India Herbs
B00IZG78WY,
B00IZLBCWQ,Tanwise
B00J2AJ3U2,
B00J2EK2VW,Hibiclens
B00J2R8BP8,Unknown
B00J2VZBXY,
B00J3G958K,Dermacol
B00J3WDBES,
B00J3WDBCK,
B00J6CMI9O,Dr Teal's
B00J6G8P1U,Lip Smacker
B00J8IJVZK,DEGREE MENS DEO
B00J9MJDFS,Jhirmack
B00J9PPMD2,Shea Terra Organics
B00J9PPMDM,Shea Terra Organics
B00J9PPN8Q,Shea Terra Organics
B00J9T1AEI,Golden Rose
B00JA1TWC2,AGPTEK
B00JB4X0IA,
B00JBC9TD2,Thinkpichaidai
B00JBWH1YG,Colortrak
B00JCSLA6O,Karlling
B00JCZTDFC,
B00JDDFAGE,NAVA
B00JDZ3O2O,beautyblender
B00JEE3RJO,NOW
B00JF2GVWK,Caress
B00JF2QNEG,Bio-Oil
B00JFKW7JS,
B00JG8DY0A,
B00JGPUU1E,Kerastase
B00JGPQX1K,TRESemme
B00JGPXW8C,Nature's Gate
B00JGPRG7A,Juice Organics
B00JGQ8U5G,Burt's Bees
B00JGZNL4W,Zappbo
B00JIESMR2,Dermacol
B00JIN3QEM,
B00JJ1J8IG,Suave
B00JJ3QMFQ,
B00JJQ89GI,SOHO
B00JKCYIV6,
B00JKKV80W,
B00JKTOBDO,SpellboundRX
B00JLN8I8I,SpellboundRX
B00JLQKFZE,Palladio
B00JLZQ18U,fashion fix
B00JM866YK,D.R.Harris & Co
B00JMNFGU0,Seda
B00JOFIACC,
B00JOTR1GY,Serina's Bow Tiq
B00JOVG0N2,Ole Henriksen
B00JPZFC5Y,Blink Beauty
B00JQ2VM8M,eKingstore
B00JQM5J72,Beaute Galleria
B00JRGO5QS,Mirabella
B00JRN8UVC,The Henna Guys
B00JS58PIC,"LaRosa Innovations, LLC - Inventor/ Owner"
B00JSLUZXO,L'Amour
B00JSZQ4LM,UniTerra
B00JT5V0GU,Karazan
B00JUEVS58,Vktech
B00JUEWQOA,Vktech
B00JUHVPJE,
B00JUZPH9U,Norwex
B00JV97KNG,
B00JV9D4IG,
B00JVU3K9I,Catrice
B00JVZNYDU,Jordana
B00JY0PHJQ,
B00JY6FLPK,
B00JY6V31G,
B00JY8FFDQ,clariSEA
B00JYGWWIO,JOVANA
B00JZ0L7VC,Crazefoto
B00JZ1UG0Y,
B00JZ5F0DS,
B00JZK64CO,
B00K08Q9JS,
B00K08QKRE,
B00K08R11I,
B00K08R9GK,
B00K08QQOQ,Weixinbuy
B00K0MKPLM,Guardian Bell
B00K0T5PVU,REDKEN
B00K1NKYM0,
B00K24XOX4,
B00K2CRAYK,
B00K2GF7SC,Baby Foot
B00K58HHS0,
B00K5NO7SS,
B00K6HO8Q4,
B00K7FU5TY,Pacifica
B00K8G63KW,Noyah
B00K8OE0PO,Yijan
B00K95CK6I,
B00KA34NGE,Sanwood
B00KAI9Q7A,
B00KAPY4OI,My Pink Wink
B00KB8799Q,Herbal Choice Mari
B00KBBTYMI,Clarins
B00KBMPMTG,niceeshop
B00KBVOHG6,EG GIFTS
B00KBYZ8RA,SmellGood
B00KCJWLNS,Vktech
B00KD7X4QC,
B00KEEFZPM,
B00KEVUJ0G,
B00KG5VWJM,Fiery Youth
B00KGEG2HU,Petsvv
B00KGKQR2Y,
B00KGKKDQA,Beauticom
B00KGKW5AM,Eclipse
B00KGLAM6K,b.m.c
B00KGLVXPE,Eclipse
B00KGLE4D2,b.m.c
B00KGMSSQA,Eclipse
B00KGO7R8S,Eclipse
B00KGUD3NA,Sesa
B00KGV1NK4,SoooKu
B00KHF4HCA,Perfecto
B00KHYGX8M,VAGA
B00KHYHSH2,VAGA
B00KHYHOSK,VAGA
B00KHYHMX2,VAGA
B00KI50A3Y,
B00KIC1WU2,So Beauty
B00KIE0SGE,Sum37
B00KIHKBUO,
B00KIYTQ8U,
B00KIZEII2,LiftMaster
B00KK2O8DI,
B00KKSPJNU,Kari Gran
B00KL5FNME,Beauticom
B00KL9EF8S,Novpeak
B00KMHT764,Planet products Plus
B00KO2C3ZO,
B00KO7UZFO,
B00KO8C7UE,Kama Sutra
B00KOCFNLA,AXE HAIR
B00KOJA6HO,Young Nails
B00KOKVIMK,
B00KOU21OY,STAYJOY
B00KPG89MK,
B00KQ12A0G,Brushpicks
B00KQ2NZ22,The Village Company
B00KQC7X5M,YouTurn
B00KQW9ZKI,Visible Science
B00KQXQ0L4,YSL
B00KRW0TKC,
B00KRYAVLW,Kumkumadi Oil Taila Thailam
B00KU8NYZU,ROSA
B00KUYY03O,
B00KUYXVE8,
B00KUYXU80,
B00KUYXW6U,
B00KV32GNA,SoooKu
B00KV3ZQ82,
B00KV9QRGG,
B00KVAEJ92,
B00KW7OMQY,Dermalogica
B00KWD6NCO,
B00KXDECGC,SpaRoom
B00KXKX4LO,Voberry
B00KY9I2JS,Organic Nails
B00KYEFE8A,
B00KYVNFHA,Organic Nails
B00KZ27OU2,Jergens
B00KZKNM3W,DREAMINIKA
B00L07J850,Fuji
B00L0JYAZG,ResQ Organics
B00L0Y4DQ2,
B00L1BLGSW,
B00L1I1VMG,Crest
B00L1N21X4,Neutrogena
B00L3TFBPG,EG GIFTS
B00L4I4ST6,
B00L5E74VS,
B00L5E771A,
B00L5HZCPU,Loccessories
B00L62HMQG,Vktech
B00L7ZSKTA,BT Fonies shop
B00L88S190,La Lune Naturals
B00L99736U,JLIKA
B00LA5I2LI,
B00LB2WUL8,
B00LBZ8HY4,Top Plaza
B00LCJ3NES,
B00LDDMFHY,Solar Shield
B00LDTSFYK,OMAROA
B00LDTSE7S,LA Girl USA Cosmetics
B00LEUBWDO,
B00LEWOG3U,JLIKA
B00LF9W5PI,
B00LG2GECE,Afro Sheen
B00LGBAK3Y,CNlinkco
B00LGBALT2,CNlinkco
B00LGHOI8G,Beauty World
B00LGJ4QI6,
B00LGJPVI0,
B00LGLLY7K,
B00LH4KI7I,Rivertree Life
B00LH4KF4Y,
B00LH4KHU6,
B00LH4KMYM,Rivertree Life
B00LHZ9UXA,ForPro
B00LIACB0I,Elegant Smile
B00LIAZ8OO,
B00LIESAE0,b.m.c
B00LIQ2IQE,Vktech
B00LJ7JVM6,Silky Scents
B00LLIGXB0,Organic Nails
B00LLKHAI8,Plant Therapy
B00LLLT40E,Piping Rock
B00LLLT3AU,Piping Rock
B00LM39BCW,Hotodeal
B00LNOIDPG,
B00LNRPFCC,
B00LO3INWE,
B00LOQEW26,Rivertree Life
B00LORWUZG,Mia Secret
B00LORRWCW,
B00LP9UFYG,MHD
B00LP9NZ84,
B00LPAPW9I,Wet 'n Wild
B00LQBNAWC,Uncle Harry's Natural Products
B00LR1H9G4,Red Rock Organics
B00LR51ZCO,SleepRight
B00LRPK5D4,
B00LS6FEDI,
B00LSA27AM,Neutrogena
B00LSC3XZS,Vktech
B00LSCERXU,Twinlab
B00LSS8IIE,
B00LTK54LK,
B00LTMKOVI,Sanwood
B00LURZZLG,
B00LV4X3QM,Petal Pusher Fancies
B00LXPNM38,
B00LXU3T1S,niceeshop
B00LYRDJL0,
B00LZG4RDO,Beauticom
B00LZNF5ME,AnVei-Nao
B00LZVNRHQ,StrixadermMD
B00M0RKBVY,
B00M0RLN1G,
B00M0UD2IU,English Leather
B00M16MHHA,Pure Body Naturals
B00M1A29MY,b.m.c
B00M2J4HXI,Diane
B00M2OOAF8,
B00M2OO6DO,Nicexx
B00M3JV67C,INM
B00M3ONAYY,Naughty Secrets
B00M3X3ILU,
B00M3YPBZU,kilofly
B00M4JTQBO,CoverYourHair
B00M4KNHWM,COSEMY
B00M5I9XQM,
B00M6D9AAK,Beauty Ideal
B00M73HFJM,Bare Escentuals
B00M7BX9KI,Dream
B00M7OTWQ0,Vktech
B00M7VQ61M,
B00M7VMNZ0,
B00M8EOU3Y,Curealia
B00M8EWFX6,Dr Adorable
B00M8RRQQ4,
B00M8RRUSS,
B00M970200,
B00MAUBGQU,NuJu Skincare
B00MBGCNG0,
B00MBV4L3S,Dr Adorable
B00MCM02GQ,"Honey Guy Products, Inc"
B00MEBEPR2,A.I.I. CLUBMAN
B00MEWI7AM,
B00MF2GWGW,Vktech
B00MFFWYN4,
B00MFMHRQ6,NoCry
B00MFR3QJI,Cool Question
B00MFUYRC0,Zappbo
B00MG1YC50,
B00MGAEWW4,
B00MGAJ5GM,Altair Beauty
B00MGK9ZNA,Rimmel
B00MGK9Z8U,Rimmel
B00MGLB3GG,VAGA
B00MGLAIM6,VAGA
B00MGLABFK,VAGA
B00MGLAJFC,VAGA
B00MGLBA3W,VAGA
B00MH07GZ8,
B00MH2UR3Y,
B00MI10OKA,No Turn
B00MILQS00,
B00MJL01SE,
B00MJYKHQC,Naviman
B00MLO4DWO,Restonc
B00MMTIGW6,BMC
B00MMY3PH2,
B00MNAE3KS,e.l.f. Cosmetics
B00MNAEDWQ,E.L.F.
B00MNAKERY,
B00MNAP384,
B00MP13TZ0,
B00MP13O8C,
B00MPOHPNY,Zigabob Health
B00MQ5IPZY,
B00MQTR48E,neomen
B00MR4H11I,Jarrow
B00MRVXPH0,
B00MS2109S,EG GIFTS
B00MSKIQ6U,EG GIFTS
B00MSKYZME,
B00MSQWFZ2,
B00MSZNAWK,
B00MTERP9E,
B00MTR49IG,Peter Lamas
B00MTXWSG0,Berkeley
B00MUBZN5E,
B00MVPYL3O,
B00MW3MV4G,Beauty Aura
B00MWB4CFO,
B00MWB7JNQ,Piping Rock
B00MWB4Z4M,
B00MX7IEPG,Thicker Fuller
B00MXBGLSO,Earth Vibes
B00MXENWO2,Ginger Chi
B00MXIIZUY,ECO.
B00MXQ7E94,MD Complete
B00MXQ9U6E,MD Complete
B00MY6FBJS,Zucker Feather Products
B00MY6FBHA,Zucker Feather Products
B00MY6FB9S,Zucker Feather Products
B00MYBUEQI,EG GIFTS
B00MYM816W,Piping Rock
B00N0CRKMQ,
B00N0D0YCI,SINLAND
B00N0P3DZG,
B00N0OC2LI,
B00N0P3BOE,
B00N1OBQ2S,
B00N2485FS,
B00N2M8AN2,SPA Massage Oil
B00N2WQ2IW,Pantene
B00N56J6Z6,
B00N57P1QI,BMC
B00N57PDVQ,
B00N57PAQ4,
B00N57P3Q6,
B00N57PFKK,
B00N59LJWQ,
B00N66YPJW,
B00N7AUJE2,zonman
B00N7HBW78,VAGA
B00N7R1SJA,VAGA
B00N7R0PHG,VAGA
B00N7R1MQE,VAGA
B00N9CLAUU,GMS Optical
B00N9DOPPQ,
B00N9KY5UO,Rivertree Life
B00NAUTYTU,
B00NB0P88U,VAGA
B00NB0PFCE,VAGA
B00NB0ON36,VAGA
B00NB0OZ16,VAGA
B00NB0PHRC,VAGA
B00NB0P7AE,VAGA
B00NB0QXRK,VAGA
B00NB0QZ32,VAGA
B00NB0OWV4,VAGA
B00NB0PR1I,VAGA
B00NB0QCQW,VAGA
B00NB0Q2R6,VAGA
B00NB0QK82,VAGA
B00NB0R2FM,VAGA
B00NB0QW4Y,VAGA
B00NB46236,
B00NB96EI4,
B00NC6QW10,
B00NDRTFVW,
B00NE5ZHB0,Andalou Naturals
B00NE5Q9JO,Andalou Naturals
B00NEQ2MEE,POREFECTION
B00NF8YAC8,Nice Dreams
B00NFUXX6K,Got2B
B00NFV1X8O,
B00NFVDN50,
B00NI341LA,Perfect White
B00NI4KIE8,
B00NJ2719E,ASOTV
B00NJ270ZY,3 Way Poncho
B00NL56PUU,
B00NL6I188,
B00NL7O78U,
B00NLJE29C,
B00NLNO554,Bazic
B00NM5A4A6,HuntGold
B00NM5A5HI,HuntGold
B00NM9IQ2K,Nerd Skincare
B00NNLG1QU,Hittime
B00NNLGYXA,Hittime
B00NNLPE3G,Hittime
B00NNLKALM,Hittime
B00NNLIHLM,Hittime
B00NNLZ5OY,Hittime
B00NNLG2V4,Hittime
B00NNLWGXW,Hittime
B00NNLKABW,Hittime
B00NNLURMY,Hittime
B00NO3KZMS,Ivation
B00NOCRUHM,Hittime
B00NOFU1IY,Yalmeh Peerless Beauty
B00NOTESRK,
B00NP752NU,Miles Kimball
B00NPBHPJU,Hard Candy
B00NPF8HQQ,
B00NPJVLYW,
B00NQ2LEE0,EO
B00NQTU6OC,EG GIFTS
B00NR90T0W,Aquaphor
B00NRSY91I,
B00NS8YA98,
B00NS8YAHU,DOINSHOP
B00NSPYXWA,
B00NSW0LGK,Physicians Formula
B00NT0AR7E,OZ Naturals
B00NTUNCYE,
B00NU6DP9E,Studex
B00NV5SV70,Hittime
B00NV6ABOA,Hittime
B00NV6A3P2,Hittime
B00NV6DMG4,Hittime
B00NV6LGDA,Keyzone
B00NV6LT5A,Hittime
B00NV6U3UC,Hittime
B00NV702XO,Hittime
B00NV6VGY4,
B00NVT9XUU,Miracle of Aloe
B00NVYFGW4,
B00NW584DK,Keyzone
B00NW5BWCK,Keyzone
B00NW5H3V4,Keyzone
B00NW5C1H0,
B00NW5H2DS,Keyzone
B00NW59IM6,Keyzone
B00NWENRWE,VOOX
B00NX5MPUM,
B00NX5MI4K,Sleek MakeUP
B00NXARBCY,
B00NXT8Q0G,
B00NXT8Y80,
B00NYLC2ZI,Mmuxuno
B00NYNJX3A,Tammy Taylor
B00NZ61DQQ,
B00NZ96NIQ,
B00NZIN006,ForresterVos Optimage
B00O19PU9M,Jones Mercantile
B00O1DY34G,ProNu
B00O1FYJPW,
B00O28LEOM,richbest
B00O3097YI,SoCozy
B00O3092KW,SoCozy
B00O4KVVCI,
B00O4KW6NQ,
B00O5B227Y,Supersonic
B00O6REA36,
B00O72G7KE,AXE
B00O8FAKVW,
B00O9UPRCS,
B00OAAAWQS,
B00OAGB27U,MyM
B00OAK5J70,New
B00OAMFI24,Shea Moisture
B00OCGAA9E,
B00ODUQVM4,
B00ODV5S5E,
B00ODZCSMQ,It Cosmetics
B00OFMSBYG,Dani's Choice
B00OFP654Q,
B00OFQ9UDI,
B00OFXWYT8,
B00OHGNAD2,
B00OHYOTRA,
B00OIJSFH4,
B00OIQ4OFO,USonline911
B00OL19Z2I,
B00OLHVIBI,
B00OLMCLLE,coromose
B00OM4ZD20,
B00OMORXKK,Caldrea
B00OND7Q8Y,Carroten
B00ONZ2FLA,
B00OP8NZV4,
B00OPTR5GE,Etude House
B00OPZO27S,
B00OPZI48Q,coromose
B00OQKW044,Four Paws
B00OR1D37A,Organic Fields Of Heather
B00OR1OFA4,Organic Fields Of Heather
B00OSL7IOI,Thinkpichaidai
B00OTG3H1K,
B00OTIN6A0,
B00OTZ24VU,
B00OTZ2LMW,Kape
B00OTZ4GRK,Love Potion Magickal Perfumerie
B00OU25WJI,Evercare
B00OU4X6H6,Y.S.Park
B00OUSYMR0,CLASSY LADY BEAUTY BY DESIGN
B00OVI1Y0M,Skin2Spirit
B00OWRCLL8,
B00OX8M2QK,Vivian Lou
B00OXDWFG2,UNGLINGA
B00OXJZ73E,Saintsco
B00OXRIJMM,
B00OZ67E0Y,
B00OZBWFSU,Falls River Soap Company
B00OZOZD2C,Falls River Soap Company
B00P05M0D0,Uni-ball
B00P0BEC2G,
B00P0BODX4,Sannysis
B00P0BLZFI,Sannysis
B00P0H2D3A,
B00P1IHA68,Plant Therapy
B00P1INPWG,Plant Therapy
B00P1MGDGC,Dr Adorable
B00P1RQBZ0,Plant Therapy
B00P2GD608,
B00P2S8660,Plant Therapy
B00P2T59SC,Rosponse
B00P5N13SK,
B00P6L1OXA,Ivation
B00P755UHQ,Fashion First Aid
B00P76BBAA,LUNIWEI
B00P7CQ3FC,e.l.f. Cosmetics
B00P85Q3JY,Frankie Rose Cosmetics
B00P87P8VG,
B00P8PNC0W,
B00P8SWA1Q,EZSleep
B00P9QIHG4,SpaGlo
B00P9R752K,Studex
B00P9U2T8M,Studex
B00PAYDPT4,L'Oral
B00PAZ058C,Fitquipment
B00PCSIYW6,
B00PE0C0V8,ChapStick
B00PEFM5MC,
B00PEVQ5J0,
B00PFMJHT8,
B00PGB2240,Teddie Organics
B00PGF2YXA,Lotus Cosmetics USA
B00PGM2A3C,
B00PGLZH9W,
B00PHMM3LK,Fashion Medix
B00PHYDSKS,Topganic
B00PILCU72,
B00PJ2UU2W,
B00PJ9SDB0,
B00PJD7KPG,
B00PMB54OE,VAGA
B00PMF8YCY,CariFree
B00PMQAWMI,SINLAND
B00PMRE5A2,Garnier
B00PMUTNOM,Happylifehere
B00PO4KOQW,Skin QR Organics
B00PS8MMAU,
B00PSYOU90,Tattoo Goo
B00PVCV3X0,Lotus Cosmetics USA
B00PVX3W10,Crazy K&A
B00PVZUSZ6,Luos Cultural Goods
B00PX1R0OU,
B00PXDQC1A,bestpriceam
B00PY98MUM,VAGA
B00PYFR9PK,The Roots Naturelle
B00PYFW05O,Cleopatre Products
B00PZBBVZM,Ewin
B00PZKH6EI,
B00PZW2R54,Sunshiny
B00Q0PYH30,Intimina
B00Q4E2UO0,
B00Q5HEZ76,
B00Q5SR824,Happylifehere
B00Q6V37C0,Conair
B00Q6WEUAC,RuBiWo
B00Q794RMA,Seven Minerals
B00Q9EUBLY,My Shiney Hiney
B00Q9FO41Q,My Shiney Hiney
B00Q9MK5YO,
B00QBZ7D9E,
B00QD3QTR6,Frankie & Myrrh
B00QEHIJVU,
B00QFHQUCO,RC
B00QG3FLNG,
B00QHX7NT0,
B00QHYHONE,
B00QJ05W4Y,Aveda
B00QJ42EN2,
B00QLG9J1I,BAIMEI
B00QLTT0VY,Vktech
B00QMXZA5E,"Presser Direct, LLC"
B00QNNQGM4,IDS
B00QP74SQE,VERY100
B00QQO8GVE,Meltonian
B00QSO2JK6,
B00QT43XUK,
B00QTLBYLI,Bellady
B00QU3GFDW,Goody
B00QU76L4Q,Ganz
B00QUUHILS,
B00QWB7MLQ,
B00QWCUT7E,Yalmeh Peerless Beauty
B00QX9PXAO,Sally Hansen
B00QXW95Q4,
B00QYJ84GI,Kamisafe
B00R0B41AW,My b
B00R0WVURI,lipo applicator
B00R21B900,
B00R2DVWD2,
B00R2TO8AK,monque
B00R2TVQT6,
B00R3KBQVW,
B00R3LPI5Q,
B00R3OQP14,
B00R3OQUBO,
B00R3SRXCA,
B00R3SRY7E,
B00R3ZJ0V0,ADOVIA
B00R55YHS4,Dermalogica
B00R7TIG5I,
B00R8J13W0,
B00R9OX6A6,Kallithia
B00RAMAHA4,
B00RBVZRB8,Ulensy
B00RCJU6Q0,dr. brandt
B00RCNHRQ8,
B00RD7Q4BC,KUKPO SWISSKOLAB
B00RDEJWFU,
B00RFE2W5A,Genesea
B00RGHO0CO,
B00RIWAJXQ,VAGA
B00RIWAJCM,VAGA
B00RM97R30,
B00RN37W7Q,Happylifehere
B00RN3JILE,Happylifehere
B00RN4XBNY,Happylifehere
B00RN40GNW,Happylifehere
B00RNKER4U,Icarus
B00RNZ9948,AsaVea
B00ROPHPAC,
B00ROPI98E,
B00RPU0ZD0,
B00RS9RSHY,Fiery Youth
B00RTZQLJ8,Motique Accessories
B00RUEHFHA,
B00RVNUPXQ,
B00RVWYSI0,SoapMe with Nature
B00RW0BC44,
B00RW5XH10,
B00RWYVMTK,Beauty Strong
B00RYGTT2S,
B00RYGKSOG,Sannysis
B00RZYW4RG,Sexy Hair
B00S4ADBJU,
B00S4ABX2W,
B00S4A9PD6,General
B00S4ADDFW,
B00S4ADEJ2,
B00S4CNW9C,
B00S7QGWK6,
B00S86RLV4,
B00S8JQKEA,
B00S8KC8EK,e.l.f. Cosmetics
B00S8LDM1M,
B00S8WUD6I,REDKEN
B00S905ZAS,
B00S9A7IN0,Aukmla
B00S9ANOGU,
B00SAEDPPK,
B00SBFJU02,
B00SCQVRQK,Healthy Care
B00SFQ6BM2,VAGA
B00SH5WGNE,Shimarz
B00SHV7ABQ,
B00SHVBVVQ,
B00SI58CO0,Sun Organic
B00SIGOKEK,CLUB
B00SIJN21Y,Natural Beauty Limited
B00SIO8R96,
B00SJHJWI2,
B00SJKXDWK,VAGA
B00SJKX28U,VAGA
B00SJKXAAA,VAGA
B00SKWG0OK,Sunshiny
B00SKXZI6K,coromose
B00SKYNQM2,VEBE
B00SL2NPYM,
B00SLKFGKU,
B00SLX34R4,Milani
B00SNIQPGY,Bath & Body Works
B00SNNR88I,Milani
B00SNO8U0C,
B00SNXTLFQ,
B00SO1096C,Luxehome
B00SOXM2VA,
B00SQ3S6TA,TOULON
B00SRU6FJK,Frankie Rose Cosmetics
B00SS2QOOI,CSCS
B00SSBNJU6,
B00STUPNK0,Envy Beauty
B00STUUTHW,
B00SU68LT8,Aesop
B00SU6HSGK,Frankie Rose Cosmetics
B00SUC9SQW,
B00SUCV37Y,
B00SV5RTAK,
B00SWLBPDK,Banila co.
B00SWZ6LW6,Skinny & Co.
B00SXCSFR2,Dermisa
B00SYD044W,Glamorway
B00SZPM4ZQ,Nail Pro
B00T0JEI4G,L'Oreal
B00T175AP8,Wowlife
B00T3H3ALC,Aromatherapaes
B00T4JR96Q,Kardashian Beauty
B00T535S50,Auperwel
B00T56JQWI,
B00T5H905K,
B00T5W0GKS,
B00T670JJU,Docooler
B00T673WMQ,Docooler
B00T670MVU,Docooler
B00T6II7RU,Scalp Med
B00T6PYPII,The Healing Tree
B00T6TSCHE,
B00T7C9C6U,
B00T83843U,
B00T8GRNKC,
B00T9CJ83U,
B00TA30HK6,PRI
B00TBVU9XW,
B00TBXY0SK,NYX
B00TBXUZNE,Jordana Cosmetics
B00TBXV2T0,Jordana Cosmetics
B00TBXUXPO,Jordana Cosmetics
B00TCO80QG,
B00TE2M7II,Swiss-Ultimate Labs
B00TEPSDLA,
B00TESIAVU,coromose
B00TFABRE4,
B00TGH7YPM,Garnier
B00TI5WZH4,
B00TIFLOVW,
B00TISI070,
B00TJ1HHZM,Perfecto
B00TJ6C2SE,
B00TKR6MF6,Rue 21
B00TKRSCYA,
B00TLL1JZ4,
B00TM7Y49A,Ultra Pro
B00TNZFBAM,
B00TP79D7A,
B00TP843ZQ,
B00TRMMWQ2,TUKKA Naturals
B00TRQMG50,Ramnarine Enterprises Ltd.
B00TSP1AIO,
B00TUAK3QW,Moon Juice
B00TUAMC4S,Moon Juice
B00TUAVLSG,Moon Juice
B00TUDHZ5Q,Spartan Brands
B00TUHAUTK,Selfie
B00TUJKN7C,
B00TUPGP5A,DreadHeadHQ
B00TWZDAPQ,Jordana
B00TYLYH3W,Bestbronze
B00TZ8XK1E,Indian Earth
B00U0PABWW,
B00U14KQ2M,Glamorway
B00U1F7ABG,Caprina by Canus
B00U1NREHI,Keravada
B00U1VSN98,Thinkpichaidai
B00U1WC2JY,
B00U1WGBFA,bath and body works
B00U21WRIK,
B00U29A4IC,
B00U52GXX6,Schne
B00U6DL5PK,Alex Orthopedic Inc
B00U7OKJOG,C. O. Bigelow
B00U8KXHLQ,ERPower Wigs
B00U9O6MT0,
B00UARRJMA,Cremo
B00UB0U92I,
B00UFW9AS6,Spa Sister
B00UHDFTC4,VAGA
B00UI5NIPG,LA Splash
B00UICO9FC,Plant Therapy
B00UIEUYHW,Pond's
B00UIV8TYU,
B00UIVA0FG,
B00UK4DG0W,Pronto
B00UKW2X3A,Kella cosmetics
B00UL38ZIA,Anself
B00UL4GGGC,redcolourful
B00UMR1C0S,Murer & Wirtz
B00UPOBQWC,
B00UQOA7SK,
B00URZEVSU,WeltHause
B00US4ELNK,
B00USQM76Q,iLoveCos
B00UT0AFFG,
B00UTX85JQ,
B00UVQG5D4,CHARLOTTE TILBURY
B00UVZ58GA,
B00UW05L70,Amcon
B00UW28UZS,ALIVER
B00UW8XAD4,
B00UWB35UY,Lucia
B00UWKHDNA,
B00UY3HEJI,
B00UZH5OLI,
B00UZJQ2SK,wet 'n wild
B00V216KIW,
B00V5CDD9C,Duo Pro only from Walker Tape
B00V5O626Q,
B00V6JMGVU,
B00V7E5GVG,
B00V7W2BNY,dsfag
B00V828RD6,Joylive
B00V829UNW,Joylive
B00V82AG0S,Joylive
B00V8293OS,Joylive
B00V8DH4KC,
B00V8F0KVU,
B00V9PQMA2,Equate
B00VARTPKS,
B00VB5N3X4,
B00VBJVGP2,
B00VF344X0,Italia-Deluxe
B00VF2U73M,Mehron
B00VG1AV5Q,Thinkpichaidai
B00VGQ8VTY,Alba Botanica
B00VJZSJ3U,VAGA
B00VJZSG8I,VAGA
B00VJZSLRE,VAGA
B00VJZT4X4,VAGA
B00VKAQDM8,DaLin
B00VKARK8Y,
B00VKEPKKU,Primal Products
B00VKEPCBC,Unknown
B00VKTLD9W,City Color Cosmetics
B00VPSPB32,
B00VQHFBBE,
B00VS0CV6W,LA Splash
B00VSTFGFG,BUOCEANS
B00VTPL7M0,
B00VTR692G,Fake Bake
B00VU5QYF4,Perlier
B00VUWGP92,
B00VV3UV2W,LeliaSea
B00VV5ZGCK,Shimarz
B00VVO02ZC,Coastal Salt & Soul
B00VVV8YW8,It Stays
B00VW0LYMA,Siberian Pine Nut Oil
B00VW8B2TC,
B00VWWM3NC,
B00VWXOS02,
B00VX5AQA0,
B00VX6U99W,Revlon
B00VXEWBJK,Vi-Tae
B00VY5W67K,
B00VYJVHO4,
B00VZ65JHW,invisibobble
B00W0KGGY2,White Cloud
B00W1J4SFG,
B00W259T7G,Pre de Provence
B00W2COSA2,"Travel Wristbands,Travel Motion Sickness Relief Wrist Band,Natural Nausea Relief, 2-Pair"
B00W2RYF1Y,John Frieda
B00W2Y6TI4,
B00W3I044Y,
B00W5SUZHS,
B00W5TVJLI,
B00W6FE3EG,
B00W6GRLI0,
B00W7U1208,MAG Essentials
B00W8A33T0,
B00W8CLN0E,Charmante Rosie
B00W9BV7AU,
B00W9W18SK,
B00WDRIZFK,KISSPAT
B00WDRQWDM,Angelaicos
B00WDT7WWK,
B00WEDBG5Y,
B00WFBXVOE,
B00WFQ7A5U,
B00WFQ74G0,
B00WG5KTLC,
B00WGXEVM2,NARS
B00WHM2OS0,
B00WHSA8FU,Estee Lauder
B00WIKHV1Q,Village Naturals
B00WIZ2HUQ,Greenwich Bay Trading Company
B00WJ2FDRC,
B00WLG1ZEG,
B00WLLTQJM,
B00WMFZCZO,
B00WMP9VH4,
B00WMP9V5G,
B00WNGHA34,Victoria's Secret
B00WQALW9U,
B00WQAM3M0,
B00WQAMC8U,
B00WQAMF9G,
B00WQAM2CG,
B00WQALWHM,
B00WQAM0TG,
B00WQAMASC,
B00WR5RNUQ,
B00WT2O8S2,
B00WTAKXRY,
B00WUNOEFM,
B00WVYH4HA,Pure Sun Defense
B00WWP5FHO,
B00WYCR6VS,Elleda
B00WZXQWDE,
B00X1FCDWE,
B00X37S162,Perfecto
B00X38I8CS,
B00X3GMZ4M,
B00X3IGHK8,
B00X3Q81SQ,Etude House
B00X3T6FEU,DOINSHOP
B00X4DKZKU,Briogeo
B00X4PYQ8K,
B00X5EZ7XS,
B00X5FDT7S,
B00X5I2NL8,VRG
B00X5I8DPS,
B00X5I1NI2,
B00X616K9A,DenTek
B00X6D3294,Upper Canada Soap
B00X6EWRUS,Wax Necessities
B00X7D36O4,Dragonpad
B00X7G1CII,
B00X8LM98Y,Urban ReLeaf LLC
B00X918PRC,
B00X9U7ZP6,
B00XATBNNQ,Joico
B00XBLQL94,LeGrande Francisco
B00XC8OIDC,
B00XCC478E,
B00XD6UC7Y,Berrywell
B00XD76ALU,Cornucopia Brands
B00XDB3QTA,
B00XDTSDC2,Devoted Creations
B00XGVV2MA,
B00XJ3CG0W,
B00XJ8T5TW,Happylifehere
B00XKDF1OO,
B00XKR37UK,Skinn Cosmetics
B00XL2EB7M,
B00XLE44Y0,LA Splash
B00XM2E8YC,Na'trition
B00XMR53RI,
B00XMZZ6UE,
B00XMZYWC2,
B00XMZZAMI,
B00XODNY30,
B00XOR9X1I,
B00XPIZUVS,
B00XPJ02ZQ,
B00XPTG0AM,
B00XQMIMCM,ICShopToday
B00XQPY80O,
B00XS6DY7Y,Natura
B00XUS1MXI,
B00XV5D01W,
B00XW1RTYO,TOUCHBeauty
B00XWDMPG4,Loveux
B00XZA42TW,
B00XZCWPDK,
B00XZG5WLI,
B00XZVAJKM,
B00Y09GR6S,value makers
B00Y2AFMDO,Melloderm
B00Y40YTPY,No. 7
B00Y45KFMU,
B00Y7CYBUW,Living Libations
B00Y7VYIXI,2N
B00Y7YQCQQ,Yeshan
B00Y7ZDFKG,
B00YA3DSNY,
B00YAFS3F0,
B00YB5YZME,
B00YBWDW6C,
B00YBW99RS,
B00YCGF5T4,Elleda
B00YDABOXK,BINO
B00YDN69E6,GlamGlow
B00YDUKVFC,B M brush master
B00YE5T7MO,
B00YEADF7C,QQCute
B00YFQ3Q9W,wet n wild
B00YI0XFUU,Mineral Springs Luxuries
B00YJ8OZ9G,
B00YLLHQT2,
B00YLPVGKS,Tropical Holistic
B00YMM26VS,eyxformula
B00YMLWSDU,
B00YMMOHU6,Lantique
B00YNI51MW,
B00YNK9T3C,pHat 5.5
B00YO55LJC,ArtNaturals
B00YQBYO1K,Monster Liquid Latex
B00YQC5P1W,SHISEIDO
B00YQE6I8Y,Geti Beauty
B00YQTQ9I8,General
B00YTEO1LW,Unique Edge
B00YTNNBC8,ReNext
B00YTZICHK,
B00YUH2548,MSmask
B00YWEHR9W,
B00YWRC7UI,
B00YWYOPUG,Upper Canada
B00YYKET36,Lorann oils
B00YZ1138S,
B00Z0B4S6G,
B00Z0HE2UM,DS Laboratories
B00Z19WYTU,Acure
B00Z5BCBQA,
B00Z5VI9MK,Dr.'s Remedy
B00Z6OEOQG,
B00Z6T9GVO,
B00Z8YLNCM,Polytree
B00Z92BLBG,
B00Z9VLI4M,
B00ZB7NOX2,My Beauty Diary Mask
B00ZCGXPIQ,Unknown
B00ZD4X2HQ,Soapie Shoppe
B00ZE4O4KE,LA Splash
B00ZE4NZFE,LA Splash
B00ZE4O83W,LA Splash
B00ZE4OAGC,LA Splash
B00ZF0LFWC,Bluezoo
B00ZFRFBX4,Mehron
B00ZGVT2Q6,ArtNaturals
B00ZGWVZB0,Mia Secret
B00ZHS2E3G,
B00ZI3ZYEQ,
B00ZI99L3A,
B00ZIAFSOK,Buytra
B00ZIMJRC2,LA Splash
B00ZIMK5UA,LA Splash
B00ZKALN1U,
B00ZL9Z1WM,Sedona Lace
B00ZOTCT8S,
B00ZOW78C2,
B00ZP3COZ6,
B00ZP7TX56,
B00ZPJVOW4,
B00ZPVJ8MK,Solavae
B00ZPWD4SI,
B00ZQ6S0OQ,
B00ZQF7UGQ,
B00ZS4NBJ0,VAGA
B00ZSUMHUS,INCOK
B00ZT63TSK,
B00ZTFRZ9K,
B00ZU9KTES,
B00ZUIASZO,LA Splash
B00ZUR15F2,Lantique
B00ZXFJ7SS,
B00ZYYIL2Q,Mulberry Organics
B01016RFCS,Beauty by Earth
B0105SD65W,
B0105ZULR6,Apotheke:M
B0106WRZV8,
B01074BS86,
B0107503WM,Hildbrandt
B01074A9RM,
B0107QLDIE,
B0107T06KC,
B010A5EU6E,
B010B5ZE4U,
B010C79X8K,
B010C7V37O,L'Oreal Paris
B010D5CZGS,Geoot
B010DER7HG,
B010DJCS6G,CoSaMo
B010DM018K,
B010DP5VQ4,
B010E28JC4,Aussie
B010EWMLKK,
B010GNVV1M,AsaVea N.Y.C.
B010GNXIT0,City Color Cosmetics
B010IEJXZA,
B010KFK26Q,
B010KGN438,Philosophy
B010KYV6Y4,H2O
B010L2OYZI,
B010L79142,
B010L93H2C,
B010L938IU,
B010LY87KO,PanDaDa
B010M3ZM3Y,
B010MGMIPG,
B010PJX8UE,CeraVe
B010PMACQE,coromose
B010R1MCJI,
B010R3P4RS,Karen's Body Beautiful
B010SQOXRG,Susenstone610
B010SV3L3I,Honey House Naturals
B010TQC4R6,
B010U5YP14,Pure Laboratories
B010W9XCKS,
B010X6W79C,
B0110H5Z8S,
B0111NPLSA,VIIcode
B0111R6248,
B0113JFW9U,
B0113PRPK8,
B0114DCVGW,
B0114HR7PI,
B0114M2OTC,
B0115SBKD6,VAGA
B0116B823I,
B01174YHM4,
B011773O2U,
B011773RYA,
B011773GBE,
B0117ZM9W8,ALEXA
B0118LARL6,
B0118Q362I,
B0119N4G9C,Ganique
B0119Q9FYU,Innisfree
B0119U90U0,Body Wonders
B011A7BW2Q,Cornucopia Brands
B011ABK2LO,
B011AKOVGW,
B011B6872Y,Barr Co.
B011B7OXV2,
B011BE3MXA,
B011BVP1AK,
B011C2EYII,
B011E1CM54,
B011F6EP1M,
B011FBTV2A,
B011FIL6TO,
B011FIJLMI,
B011GT2TCK,BrusyBrush
B011I721OG,Aisxle
B011I8D6L2,CLIA Beauty
B011JC6CJK,
B011JG1K3E,RightChoiceMarket
B011KSK8P2,
B011LMJAOC,
B011M4QBX2,Pros-aide
B011M618ME,Pros-aide
B011MTR71M,happylifehere
B011MYU4HG,
B011P4IADS,
B011PIM56W,
B011PTA98M,
B011PVK9BM,Icarus
B011QJ3CD0,
B011QUPG5G,
B011SIO9HC,
B011U1D310,
B011U7YRFK,
B011VTQMIW,Dial
B01234X5YS,
B0124H25UO,Michel Design Works
B01254XUXW,Jergens
B01256N6AC,Body Wonders
B01258J0I2,Body Wonders
B01267ZPOU,
B0127QOIJI,
B0128A2L42,
B0129DCNAU,MOMODARLING
B012AZXWPM,
B012AZRFXM,Natural Healthplus Care
B012CEHPNQ,
B012CR9590,Dinair
B012DWZRBE,
B012GVBHZC,Lionesse
B012H5V5PE,King J
B012KPK5PW,Victoria Featherlight
B012MCRSOY,Wahl Professional
B012MYX3DM,
B012NCDJG4,
B012O3DU7U,Wahl Professional
B012OIS5BQ,Healthy Care
B012PXFRM0,Maybelline New York
B012UK296U,Kari Gran
B012UUOC0Q,"Toute Nuit - Mimiko, Inc."
B012VT32AW,
B012VY5HGO,
B012YLE74M,BodyJewelryOnline
B012Z7IHHI,Elite99
B013063DRM,
B01310WRTC,
B0132HGZQ0,
B0132W3VPI,
B0134QYVOW,
B0135GJ4TS,Whats Up Nails
B0136MDZ9G,STS
B0136SPLRE,LA Splash
B0139ZC5ZK,
B013BW8JT2,
B013C9CNYG,Orglamix
B013FLKUQO,bestpriceam
B013FULWZS,LUNIWEI
B013G0IQLA,
B013G464EM,
B013G939TU,
B013GTLEKQ,ALEXA
B013GX0LT2,
B013H0WURU,Golden Rose
B013H4KIXE,
B013H5EM6W,Shape and Tone Body Products
B013HAJFUU,
B013HCTXH8,NO-AD
B013HJ96LY,Anself
B013HRLI3K,L LUSETA
B013IH6P5K,Kaariag Punkin
B013IRWUBS,
B013ITLMEC,Hempz
B013J5W6ZE,Nth Degree
B013K07VAS,
B013K0AX76,
B013K0AVA0,
B013KTNIME,KARIZMA
B013L9TX22,
B013MFBC1K,Salux COTU
B013OJ04GI,
B013P5S6HU,Demarkt
B013Q9CG8A,
B013QT8C56,
B013R5Q79M,
B013RJY9A2,
B013RUPHS4,Pros-aide
B013SISGZ6,Cherioll
B013TN1MCO,
B013TXDDJY,
B013UDHH86,
B013UDX38O,
B013UDRZ9M,
B013USRGFU,
B013VNVFMO,
B013VZRLB6,Lush Minerals
B013W2DF4U,Susenstone 1138
B013W4YFTW,
B013WMA6Y2,
B013WPBYSQ,
B013WR0B6U,
B013XIPCGW,
B013XKHA4M,Sol de Janeiro
B013YO39TC,ProbioCare
B013YPY6XO,e.l.f. Cosmetics
B013Z6XSYU,
B013ZA7PZY,
B013ZDZLVQ,
B0140HD7EY,
B0140HC1NC,FEITONG
B0140TEQDI,
B01456S0YC,Healthy Body Inc for Her
B0145NZKG6,SmellGood
B0145TJAPC,
B0145TXSQE,Whats Up Nails
B0147J9S84,
B0147L9PVC,
B0148A8B8A,
B014896KO8,
B0148HZ0PK,
B01496UZ8C,
B014C2IGM0,Skin Daily Skincare Solutions
B014DH4FTC,AliverValentia Skin Care
B014DP73WU,
B014DZ3FFY,Icecheer
B014EJI11W,Epielle
B014FO8YQI,MASTERS OF MAYFAIR
B014GJUGTA,CCbeauty
B014GKA4IM,
B014GMX17Q,
B014GQVL0Q,True Derma Daily Revitalizing Serum
B014GQRG1Y,True Derma Daily Anti-Aging Serum
B014GRTXXM,Manic Panic
B014H9PIOW,
B014H9PNEM,
B014H9PMY8,
B014HE3EUM,
B014I46P9I,Hi-Pro-Pac
B014I4G0UC,L'Oreal Paris
B014I4FDVO,L'Oreal Paris
B014I5OV8Y,
B014IF2G3G,
B014IVXG6G,CCbeauty
B014IVX9D6,CCbeauty
B014J0LJ38,
B014JOHYD8,
B014KEITCC,CCbeauty
B014KNSZG8,
B014LHAEW6,White Towel
B014MBXXKG,
B014MBXVV2,
B014N7WP5S,Elizabeth Parker Naturals
B014O9D2J8,
B014Q32GPS,
B014Q96PI6,
B014QA838U,
B014RI95S8,
B014S0I3XS,
B014S5VT6Q,
B014SAJCWE,
B014SI4JNS,
B014SI4JQU,
B014T3Q9JO,
B014T3QBLK,Living Nature
B014TASC3I,
B014TOT602,
B014V9HG5W,
B014VDU5XI,
B014XL3KX0,Caudalie
B0150YKNRK,
B0151EFFM2,40 Carrots
B0151MF970,Lifetrons
B0151TP5I6,
B0153KBJ4W,
B01541U9L4,
B015420XI2,
B0154246IA,
B01548RCJE,
B01556PPTY,Perfecto
B0155XAV0U,
B0155XAZBK,
B0155XKYPW,
B0155XKW4A,
B0155XNCIS,
B0155YE3O4,
B0157J4XFG,
B0157VQ30M,
B0158AXKJY,DEESSE
B0158EE5QC,
B0158FJBTM,
B0159ZECGI,W7
B015A3SAD0,
B015C1185C,
B015CSKJLO,
B015DBHF8K,
B015DJ4OAO,
B015DMR0OS,
B015DZXQKC,
B015E1HCBE,
B015EH59VS,Hey Honey Inc.
B015ES5J7G,1979 Collection
B015EXXDI8,Dermalogica
B015FGM2PY,
B015G49M3K,
B015GGRETW,
B015HW0S2U,Hemp Seed
B015IWTZFK,
B015J6SUQU,
B015J6Y02I,
B015J6QAVC,
B015J6DM7M,
B015J73HEE,
B015JQV3YQ,Heno de Pravia
B015L947B2,Mio
B015MLJOB2,
B015MMV4CS,
B015N0N57G,
B015N6GYR8,SONIA ROSELLI
B015NBV0WM,
B015NMJGSG,
B015NNYDNS,Curl-ease
B015NVG5Q8,
B015NVZE1U,
B015OY20PE,Coty
B015P54DHU,Andis
B015PFP72A,Beauty7
B015PMVZU6,Teensery
B015PO17CK,Teensery
B015PUEYG0,
B015Q8AM26,Aroma Designs
B015Q98HPO,
B015QBPIY0,The Body Shop
B015QI4DEO,Plum Flower
B015QOF5H2,
B015QSOW1S,
B015QSOGC8,Greenwich Bay Trading Company Soaps
B015ROL64M,COLURE
B015S8CSEO,
B015SSFVSO,
B015TAM2LK,Kovot
B015UVIX84,Clinique
B015W2RFVW,Remington
B015W8Y1G8,
B015W9YJMI,
B015WB2XZG,
B015X8JJEG,Natura
B015X89ZCM,
B015XAGFVO,
B015XII6Q8,e.l.f. Cosmetics
B015Y8LQN2,Natural Healthplus Care
B015YEZ7Z4,
B015YL6MYM,Shea Moisture
B015Z4QCXO,The Body Shop
B015ZOWER2,kingfansion
B015ZTNN7W,Vie Naturelle
B015ZVFK1W,Essence
B01612WMH4,
B0161KR7FS,LURE Home Spa
B016280CYC,Bombshell Bath Bomb Boudoir
B016345MHC,HiiBaby
B01636G5SK,
B0163FTDOE,
B0163K61WG,
B0164D2SME,
B0165Q4RW4,
B0166P1BRI,VAGA
B0166R22CO,
B0167HT3UC,
B0167J2FUU,
B0167XBHO6,
B0168SXRR0,Malva Belle
B0169KHSRC,MG
B016A68H0C,Lookatool
B016APIJ3I,
B016APN8UM,Sure Fuck USA
B016BCHPFS,esowemsn
B016BD42JY,
B016DYBC30,
B016DZFM2G,Nubian Heritage
B016E8RZQS,Dr. Teal's
B016GKG1VO,
B016GSCQYC,
B016HLISZ4,
B016I98EQI,
B016J9EQNW,
B016JIGK3M,
B016KGPK1Q,Unicra
B016KILI2E,
B016LLBCX0,Earthly Body
B016LR3IFE,
B016MF9VIS,Tsubaki
B016MWUN6K,
B016N2DABE,
B016N4667C,Vienna
B016NGHDK4,
B016OGYVVM,
B016P1WP6E,Fiery Youth
B016QQJFRK,
B016QSRYR6,Yes To
B016QX70M0,
B016RCQ5AS,EZGO
B016RE5PBG,
B016RWU3D8,
B016SL0DBU,
B016SLL8VY,
B016SP6RK2,Remington
B016UMQNZC,
B016UY9SHK,
B016V8YWBC,Dove
B016W3XPSM,
B016W4E83W,
B016W8YTG4,
B016WAU2B8,
B016WATVGA,
B016X10O2I,Thymes
B016X29TXW,Organic Nails
B016XE2VBM,
B016YF1U3A,Greenwich Bay Trading Company
B016YROO36,Tropical Naturals
B016Z5V3UO,
B016ZKBSK4,
B016ZNMAKI,
B016ZUKB8O,
B0170RAYBA,Kryolan
B0170Z3U18,
B017106P7I,
B017146858,Piero Lorenzo
B0171B6X9C,Sannysis
B0171BTD8U,STONG
B0171G9LVE,
B0172CG2H8,
B0172DMOL0,
B0172P6ZIQ,NuPouch
B01740MTDO,
B0175PT3KK,
B01762PTRI,
B01768821W,DOINSHOP
B0176882A8,DOINSHOP
B0176881V8,DOINSHOP
B0176881VI,DOINSHOP
B0176E2C62,Straightener Brush
B0176NYLF8,UberChic Beauty
B0176PV46K,inVitamin
B0176V5W30,Swiss Botany
B01775OUCY,
B0178H2LK4,Dr Teal's
B0178K8PO2,
B01792R040,
B0179GD5CC,
B0179ITN9O,
B017AOAG0W,
B017BCQLMA,
B017BFMTVE,Old Spice
B017BI8YMY,Keyzone
B017BJ877K,Ownsig
B017BJ7RG2,Ownsig
B017BJ8VOO,
B017BJ7ZRS,Ownsig
B017BJ8KFE,Ownsig
B017C28A9Q,Piero Lorenzo
B017C5Y3NK,Super Z Outlet
B017CHORY8,General
B017DXCEDC,
B017DXCGY4,
B017E884HQ,
B017EIZ7UI,
B017EP4SZG,
B017EUHLCI,Benjamin Jacob
B017FHF4F6,
B017FHFC08,
B017FUMPEQ,
B017FV9DIQ,
B017FTEGNU,
B017GH7G5Q,
B017GK68K2,
B017H1Y0LY,MOCOO
B017H234EM,
B017HA7J2M,
B017HWJTW8,
B017HWHWP4,
B017HXYA62,Edens Garden
B017I6B6GK,
B017I7PKE8,
B017IJVDPG,Weixinbuy
B017J1C0HI,
B017J19GGQ,
B017JDA19K,doTERRA
B017JG4XRS,KERATHERAPY
B017JR0P3S,Konmison
B017JSZKGY,TOULLGO
B017K4QMVE,Stokolan
B017K5WKXC,
B017KJUA8A,
B017KP3ZJU,
B017KQGXS4,King J
B017KR0TNS,hang ten
B017L0B1TA,GoldmineNaturalBeauty
B017LEYSZA,
B017M402PO,Victoria Featherlight
B017M7I8UW,
B017MI3JT6,Nth Degree
B017MNK82C,Nth Degree
B017N7H1YU,
B017NA0ND8,
B017NA0GTY,
B017N9XZP2,Headcovers Unlimited
B017NA0CVQ,
B017NA0176,Headcovers Unlimited
B017NA082E,Headcovers Unlimited
B017NA0EKU,
B017NA063A,
B017NA0VQ2,
B017NA03J2,Headcovers Unlimited
B017NH0QPQ,
B017NHBFTC,
B017OW3SDW,Elite99
B017OW3TJA,Elite99
B017QT9K9O,Avon
B017R5J830,
B017RJY084,Amazing Ayurveda
B017RKPFIM,Wild Beauty
B017SGPIB4,
B017STUIG6,
B017TCUJ4S,Xlear
B017THCPXQ,
B017TNICB4,Cancan
B017U2Z8BG,Sannysis
B017UFHCPI,
B017UFGRJU,
B017UPGWV8,Joy Mangano
B017VQRMD8,Susenstone610
B017VUV0VY,
B017VY7XCA,
B017W71YD0,Overm
B017W86R86,
B017WIFR7S,Compeed
B017WJ3R9C,RICOLA
B017WKC4WW,HEALTHandMED
B017WK7GUC,HEALTHandMED
B017WQUXKG,
B017WSE5NA,Bath and Body Works
B017X1I53M,
B017X2K6R4,Keyzone
B017X3BSP2,
B017XB1M5A,
B017XHB2A4,
B017YAICLW,Lantique
B017ZKMV9U,
B01809VCPE,Pomifera
B01814GS02,
B0181DRKSW,
B0181KNXPE,Virgo Essentials
B01826KTDQ,
B018277P4G,
B0183I4N7Q,
B0183LXZVI,
B0184M7AXA,Dr Adorable
B0184T2Q8C,SaaQin
B0185DYUCM,hlm
B01868X158,Cetaphil
B0186AH6VG,
B0186YCGVM,
B0187026O2,
B018794AUG,
B01880U5XU,LA Splash
B0188YXD5I,
B0188ZTWV6,CAMEO
B0189CM3U0,NaturaPrime
B0189H1QKS,Technic
B0189NOD4I,Multipet
B0189TAOIQ,
B018AVVYAK,
B018DHKYO8,Letigo
B018DT14VI,Bain de Terre
B018E71TKU,Sannysis
B018ETY3J2,
B018FWWPO8,
B018FZHB80,
B018G4QYXI,
B018GX5PDY,Lotion Fast
B018H0EJI8,GENERIC
B018HXM8L0,
B018I2182U,
B018I5SGVI,
B018IAF9S6,
B018IS9WX6,
B018J05XSQ,Mia Secret
B018JXDO2U,
B018JXDI3K,
B018JXEE10,
B018JXEM76,
B018JXFNNI,
B018JXFYN2,
B018JXDYN4,
B018JXFOKA,
B018JYTQHQ,
B018K6GHZC,
B018K6CTZE,
B018KA06WS,
B018KUWSEM,Aspercreme
B018KWPT6Y,
B018KYP4GC,
B018LJ5H2C,
B018LPJR5O,BORN PRETTY
B018MR24EC,Earthly Body
B018MU7JHQ,WeightLoss-Solutions
B018O9ZBF2,
B018OJM94S,The Wonder Seed
B018QQU0YK,PrettyQueen
B018SFOZYA,Cornucopia Brands
B018SFIGXG,Cornucopia Brands
B018T3N8XU,TIGI
B018TZ5MVE,
B018TZTS96,
B018U0JBSI,
B018UT688K,Dermacol
B018VAJ30S,Olive The Good Stuff
B018WCT01C,Nicka K
B018WWVLZA,
B018YBS5SK,RubyLux
B018Z8M5EW,
B0190K7SQE,Custom Accessories
B01916LBHE,
B0191DBE2E,
B0191H610U,PrettyQueen
B0191JMIO6,Fiery Youth
B0191O4NEO,
B0191W80SQ,
B0192ONAH4,
B0194BW6KC,
B0194C1KL2,
B0194D91RG,
B0194T0E6W,
B0195R1FT8,Booty Magic
B0196A98XE,
B01977F664,Nail-Aid
B0197F0TRM,e.l.f. Cosmetics
B019809F9Y,Williams
B0198AVZEM,AFU
B0198CYXVW,
B0199EBC0Y,
B019A51QWG,Sol de Janeiro
B019AG5M7A,LA Splash
B019BCAMT6,
B019BLDZWI,
B019C9HYQM,Glamorous Collection
B019C9ZNYW,Glamorous Collection
B019CBS8ZG,Franks Deals
B019D1XQ4S,
B019DD2PRU,
B019DJR9L6,Anself
B019DMISS6,
B019DWCJDG,Weixinbuy
B019E5K2R2,Philosophy
B019E8XPKU,
B019EDF9YU,
B019EGOM2W,
B019ELLBIK,
B019ELDF2A,
B019EM7W32,SKIN79
B019EMAF36,SKIN79
B019ESGIW2,
B019EUWONW,IMCO
B019F0G2CA,Rimmel
B019FOXB70,
B019FWRG3C,Pre de Provence
B019G056P8,
B019G2EVRK,
B019HDW6SY,Perfecto
B019HO4OCY,
B019HRXOW2,DERMA-E
B019IHXG0G,Yeshan
B019IHZ4U6,Wokaar
B019IMB8TM,PIXNOR
B019J2IBRI,
B019L9VTMS,
B019LAI4HU,Michael Kors
B019LBMXBM,Urberry
B019MJ9DAM,
B019MPL6XS,
B019MZB1OW,
B019NBROYQ,Natural Hair Master
B019NNXYJS,
B019O22DUE,
B019O1QF8Q,
B019OFFCNQ,
B019OP2UFO,
B019OQRUYE,
B019Q82LWG,
B019QAF22K,DOINSHOP
B019QBT4KA,Sally Hansen
B019R7KEPC,BA Designs
B019RBAZRA,Hismith
B019RF59O0,
B019SVZYWK,
B019V2KYZS,Dolce & Gabbana
B019W16SRQ,
B019X755O6,Natures Natural India
B019X81S82,
B019Y0798W,
B019XZO9T0,
B019Z9K51K,Elite99
B019Z9KGP0,Elite99
B019Z9K17S,Elite99
B019Z9L8PW,Elite99
B019Z9KCUO,Elite99
B019Z9JUC0,Elite99
B019Z9KERA,Elite99
B019Z9LAPK,Elite99
B019Z9L30W,Elite99
B019Z9LD98,Elite99
B019Z9L4KG,Elite99
B019Z9K73G,Elite99
B019Z9L6YU,Elite99
B019ZC7URO,
B019ZPBY8C,
B01A1DW4ZE,Sunstar
B01A2V64EW,Boo-Boo Cover-Up
B01A3IIQYA,
B01A50XEP2,
B01A50X9EI,
B01A50X8AI,Living Nature
B01A50XA6U,Living Nature
B01A6EIDVM,
B01A6XK12W,Goliton
B01A7JLV7Y,
B01A8FK4JS,
B01A8GM12A,
B01A9G31QE,
B01AA928V4,
B01AAA4HBW,
B01AAVIO38,Pears
B01ABFL5CK,
B01ABTT1BS,
B01ACQ8L7A,
B01ADSQ1TM,Fine Touch
B01AFFOUGE,Moon Juice
B01AFKSF42,
B01AHID3YE,
B01AHK3FE0,
B01AHSUT8M,
B01AHWTME0,
B01AHXKPEA,ZWZCYZ
B01AICYASC,
B01AIFGCSK,OROPY
B01AKA04KK,
B01AKH96TI,
B01AKH959E,Litero
B01AKH9918,
B01AL9W2TG,Beautonics
B01ALFOC0W,kensonic
B01ALL9QAM,Elite99
B01AMOTPI6,Advanced Clinicals
B01AMSFNBK,Kenley
B01ANDCN9E,
B01AO3OVWK,
B01AO8E9IQ,
B01AQ1VPRE,KLEANCOLOR
B01AQ2E9IK,KLEANCOLOR
B01AQ1QJKM,KLEANCOLOR
B01AQ2432W,KLEANCOLOR
B01AQ65IXG,
B01AQ6FQ1K,RioRand
B01AR19RZU,Kangaroo
B01ARAONJG,
B01ARJX6NG,
B01AS25Y0U,Bar5F
B01AS576U8,
B01ASLTTMU,TS
B01ATY94XK,
B01AU9T79U,
B01AUN37A6,
B01AUOTSVW,
B01AUP9PO6,
B01AUP5YGY,
B01AUP9NRK,
B01AV7VFLO,
B01AVCVX66,
B01AVJCDYA,Sol de Janeiro
B01AVX3VK6,
B01AW9TR48,
B01AWA2WIU,
B01AWCELHS,UPSTORE
B01AWPAD5O,
B01AWRCEP4,EVERMARKET
B01AWU4XWS,Made Beautiful
B01AWUYL9S,Made Beautiful
B01AWXGD3M,Made Beautiful
B01AX2X5W4,Crayola
B01AX6W1EI,
B01AXRAJWI,
B01B09T9QK,Wispun
B01B0OAQD0,
B01B0YCL9M,
B01B18T01Y,Wazor
B01B1IRB74,
B01B2L6FWC,
B01B3QG1VQ,Better Bath Better Body
B01B3R5EFO,Honeydew
B01B403XZS,illunt
B01B54XW54,
B01B57QJHY,
B01B5GTUM6,
B01B5KTY3W,
B01B693XQ6,reskin
B01B693VHC,reskin
B01B6KNLVC,
B01B6SLUYE,
B01B6YTFRC,Soothing Terra
B01B7ADZEO,
B01B85ZGZY,N'iceshop
B01B8D5EVC,
B01B8HO1US,Bundle Monster
B01B8T956G,Donna Karan
B01B9OEDKS,Drunk Elephant
B01B9RU75K,
B01BCR38IU,
B01BEMV1C8,feibin
B01BERCCJE,Broner Brothers
B01BEWYRJ2,Diy-Wig
B01BEX4GU6,
B01BEX4W46,
B01BH43UHC,Earth
B01BH8FGA2,Bella Jade
B01BHM6K1C,mefeir
B01BHO3RLG,
B01BI4O5IY,Abcstore99
B01BI52N5U,
B01BI78FCS,Fragonard
B01BI8YFAS,mia secret
B01BID9OJ0,
B01BIDZNXQ,
B01BIMANTG,
B01BJCX44Q,SKIN DEVA
B01BJLQQAG,LA Girl
B01BK1E7Q0,"LaRosa Innovations, LLC - Inventor/ Owner"
B01BK1L3P8,"LaRosa Innovations, LLC - Inventor/ Owner"
B01BK1WCTE,"LaRosa Innovations, LLC - Inventor/ Owner"
B01BK2MXII,"LaRosa Innovations, LLC - Inventor/ Owner"
B01BK49MZI,
B01BKGZ02A,Tenworld
B01BL54RPQ,Greenvida
B01BLQ5D1C,
B01BLZ0ILI,
B01BM22SW2,
B01BMZQHBC,
B01BNEYGQU,Colgate
B01BNULDWY,Philosophy
B01BO724A6,
B01BPDEGTG,LA Splash
B01BPGD8TW,
B01BQR7TK4,
B01BR32CZE,
B01BR31RLO,
B01BRJ8TF0,
B01BSL9DL6,
B01BSOOYMG,
B01BT28GXA,Moroccanoil
B01BTHWYJM,bestpriceam
B01BTGHYM0,bestpriceam
B01BTTYUHE,
B01BTZC0VG,
B01BUP23IK,Dermacol
B01BV3SOXY,Bio-Oil
B01BV7MUZ8,
B01BWF26RG,
B01BWZL9PQ,Schwarzkopf
B01BX1P41Y,Shape and Tone Body Products
B01BY2V64Q,Etude House
B01BYE33K4,
B01BYNTXXQ,The Naked Bee
B01BYWV43E,
B01BZBE2VU,B M brush master
B01BZCDKSU,Colgate
B01BZV6VVY,Amazon
B01C1EVIB2,
B01C29P4I4,
B01C2B3CFO,
B01C2M3VIQ,
B01C2W7E6Q,
B01C39X6TW,Efferdent
B01C3GPXG4,
B01C3M2672,
B01C3UL1ZM,Keyzone
B01C3ZKV2G,Krodi
B01C4LE0GM,
B01C4LDZRM,
B01C4LDXX8,
B01C4ZAPGM,IntiMD
B01C5CXHYG,Geoot
B01C5CWUXA,
B01C5IU7FW,
B01C64NSTM,Sun Bum
B01C64NN8I,Sun Bum
B01C6AANI0,Glam Glits
B01C6AAPDS,
B01C6MXG8M,Mayberry Health and Home
B01C714B5E,
B01C73D72U,Raw Elements
B01C79TAK2,
B01C79TFDY,
B01C7RFW2E,Sun Bum
B01C8COKI0,
B01C8DVHEY,
B01C8DU5WO,
B01C8ENZNY,
B01C8MIOMI,Jstores
B01CBANZKI,
B01CBB3020,
B01CBAA2I6,
B01CBB6WMA,
B01CC0D0V6,e.l.f. Cosmetics
B01CCDXRT8,
B01CCDVIU8,
B01CCI9LT8,
B01CD7JK9E,invisibobble
B01CDEHN1E,
B01CDEJ1H8,
B01CDK4KY6,CicaSolution
B01CDTBY5K,
B01CDUH3XG,
B01CE0HBF0,Le Tan
B01CE0HP8I,Le Tan
B01CE1UDX6,
B01CECLIXY,
B01CEG0T4Y,
B01CEUNULO,
B01CEY8DKI,Kiss
B01CEYDIEY,
B01CF6W680,
B01CFT21FK,
B01CFZATXA,
B01CG8DLN6,
B01CGPN2D8,Tarte
B01CGU3DXC,
B01CGUDT5E,Beauty by Earth
B01CH80FEI,Health Priority Natural Products
B01CH8GY66,
B01CHELJC4,
B01CHS3CHA,HotLife
B01CJ9QPX0,
B01CJNZKZK,RapidLash
B01CJOHL5G,Headcovers Unlimited
B01CKLR9NC,Jordana Cosmetics
B01CKLSOSG,Jordana Cosmetics
B01CKV2GAS,
B01CL8K8O6,
B01CM57L6Q,
B01CN6XEOM,
B01CNGL9IA,MENGCORE
B01CNLMWE0,Trippix
B01CNP2LGK,
B01COREXYA,L'Oreal Paris & Garn
B01CQ6VSI8,Jarrow
B01CQGKY42,
B01CQFXUW6,
B01CR7KNWI,
B01CRSWZAU,Bona Fide Beauty
B01CRWLLX8,
B01CS0V0XK,Prada
B01CSC6WG8,
B01CT1W6U4,
B01CT2MGY4,
B01CT5SNQQ,Advanced Clinicals
B01CT95TFK,
B01CTE4DAM,
B01CTIJEIY,Razorba
B01CTLTOHM,SpaRoom
B01CTQQSOO,
B01CTQC9J2,
B01CUXUOIC,Kiss
B01CV4ASN6,
B01CV597NM,
B01CW24JXC,Studex
B01CX5KCIE,TIGI
B01CXO7IYQ,
B01CXPV47M,Maping Shop
B01CY2QZFK,
B01CY5GB9C,
B01CY6QX9E,
B01CYO1WA6,
B01CYW6G1I,b.m.c
B01CYW99YY,koreangs
B01CYYU9B4,
B01CZC20DU,SWAROSVSKI CRYSTAL
B01CZDRHCS,
B01CZG48EU,
B01CZMBFJK,
B01CZNI0KG,imoocare
B01CZW1FTU,AFU
B01CZY0LKW,
B01D0U5U0Q,
B01D0XZ9BS,
B01D0Y9148,MY-LADY
B01D0Z5T3O,
B01D0ZBTV0,
B01D1DRV36,e.l.f.
B01D1I7SRA,
B01D1K2BCK,
B01D1VBI78,Nivea
B01D25U784,Rock Doctor
B01D2848PO,Dr Teal's
B01D2CHR80,Living Proof
B01D2SO78M,
B01D2X7Q12,
B01D32HP5E,
B01D421V4E,Botanicare Oils
B01D4347QM,Cosmos
B01D46GQ9A,
B01D4JSY8S,
B01D4LX31E,
B01D527Z3E,
B01D575H1G,Mielle
B01D5FXSJG,Mielle
B01D5G7PB2,
B01D5I0K5I,
B01D5JBFPG,
B01D5JBH7M,
B01D5JBIL2,
B01D5LPRC6,AOFUL
B01D7UB1KW,
B01D7UZWKW,Skin2Spirit
B01D8030L4,Enhance Me
B01D8BV4VG,wet 'n wild
B01D8BM71W,
B01D8DY20O,
B01D8OLMTW,Versatility 500
B01D8VZWQE,BIAJI
B01D9DA62Q,
B01D9W51KY,
B01DA588BO,
B01DAKDW42,Body Tonique
B01DAN64IU,
B01DAP3H88,
B01DBD728K,Bath & Body Works
B01DBGT5LE,
B01DBL8BMI,
B01DBOQJJC,MY-LADY
B01DBSKV8I,
B01DCH4616,
B01DCXFGIM,
B01DCXRAFE,
B01DDA2UJW,
B01DDHPW40,
B01DDQXRWU,
B01DEDYWD0,
B01DFHDMS6,Greenvida
B01DFQ15KE,Bonita
B01DFTM21W,
B01DG0V90K,
B01DGWYQCG,
B01DH9NS2C,
B01DIKY93C,
B01DIZTS6K,Candygirl(TM)
B01DJFJRG0,Zeb's Organics
B01DJGQZC8,
B01DJI7796,Mother Nature's Essentials
B01DKI7B46,General
B01DKI8S1Q,Ownsig
B01DKI87US,Ownsig
B01DKL2W2O,
B01DKQAXC0,
B01DKTULJM,
B01DL5U4G0,
B01DL917R6,
B01DL8XFNG,Black Ice
B01DL9K0LK,
B01DLBWFVQ,Nailene
B01DLR9IDI,
B01DM261K0,
B01DMM9EEA,
B01DMS5AYC,Pincer
B01DMTSLO2,
B01DMTO29A,
B01DMTT2Z4,
B01DMVZIWS,
B01DNS19J6,WINOMO
B01DOJEC5W,
B01DOOUECM,
B01DOVXRJC,
B01DP8QD22,
B01DQCXCKS,
B01DSA4QIK,
B01DSDPEZ6,Greenwich Bay
B01DSTIC9K,e.l.f.
B01DSUSOV0,
B01DSURLGY,
B01DTFC88E,Honeydew
B01DTQRPWW,
B01DU031AM,
B01DU3BQ2E,
B01DU6WN3C,
B01DU7QXM8,
B01DUC2S40,
B01DUU06FK,
B01DUTSKTU,
B01DUZ09OI,Gold Bond
B01DVGC6C4,
B01DVRHBZA,
B01DVW54I6,
B01DW1WZVK,
B01DW533VM,S-noilite
B01DWBI43I,
B01DWY0SMA,
B01DXFHFX8,Bare Escentuals
B01DXKORMU,Classic Erotica
B01DXY95G4,
B01DYGDWVK,Pursonic
B01DYI8GH8,Stinkbug Naturals
B01DYOXZIM,
B01DYQT89A,
B01DYT2TIO,
B01DYVUZRE,
B01DZ31ARK,
B01DZB2EZ4,
B01DZNGDGI,
B01E06OOB0,
B01E0C1XEK,Darksyde
B01E0DO7GU,
B01E0T6BPE,Argus Le
B01E0T6AMS,Argus Le
B01E0VBFNU,
B01E10H5T8,S-noilite
B01E15SBSW,
B01E1DOTMG,Mielle
B01E1RQ27M,
B01E1SKHVI,City Color Cosmetics
B01E1SJZZ2,
B01E1SLZ3M,wet 'n wild
B01E21CEXS,
B01E54U1RI,Etude House
B01E54U1U0,ETUDE HOUSE
B01E57XXG6,
B01E58LVEG,
B01E5DWIIE,PrettyGal
B01E5GSQOQ,BAISIDAI
B01E5GSPWE,BAISIDAI
B01E618T3I,Olivu 426
B01E6NITSG,Inifty
B01E6W33VU,
B01E709KWW,Velishy
B01E71WIPW,
B01E7HRX2Y,Wild Beauty
B01E7LQIL2,
B01E7MTICW,
B01E7UKR38,
B01E81N2CY,MD Barber
B01E82O696,
B01E86Z2E0,datework
B01E8FWCQW,Binmer(TM)
B01E8IIWUY,
B01E8Z2G1S,
B01E950PCE,Glamglow
B01E9GP4EC,
B01EA9HAQ8,
B01EAWILH2,
B01EBGV82M,
B01EBIY7HS,
B01EC2P6RS,
B01EDMEV9G,
B01EE7X92U,SuoSuo
B01EENTV2Q,
B01EFSI81K,
B01EGAJMBC,Gold Bond
B01EGH00J8,
B01EGW8RPC,
B01EHMZV6Y,WensLTD
B01EHVYKRQ,
B01EHVYK7Q,
B01EHVYLB6,
B01EHXK0W8,
B01EHXOUYM,
B01EIINKEM,
B01EILV0QY,
B01EILNMU6,
B01EILCPWM,
B01EIP4LMU,Deko
B01EIPJYRC,
B01EJTVZY2,Stella Reina
B01EJZ2AMW,
B01EKD9JFY,
B01EKIQJ5W,
B01EKL66WK,The Body Shop
B01EL2BQ00,
B01EMMH0KY,
B01EMTIJES,
B01ENDFXJW,
B01ENIIF3S,
B01ENL20AE,USonline911
B01ENNJEPQ,
B01ENNR41M,Indigo Wild
B01ENS6XDC,TIGI
B01ENTL01Q,
B01ENTOTO6,
B01EQRTNHS,
B01EQWGD4Y,
B01ERJ27VO,
B01ERKE0ZO,
B01ERN0SRK,
B01ES3OTCO,
B01ES87TOY,Pacifica
B01ESGGSZ2,
B01ESJRP2O,AFU
B01ESLFICG,
B01ESOQY9E,
B01EST7TBQ,
B01ESXYOZQ,Etude House
B01ET9STT6,
B01ETBSD4K,Betevo
B01ETZ3V6G,
B01EVCC8GG,
B01EVVHJ6G,
B01EW6EZ0I,
B01EWJCNFY,
B01EWU9DCE,ALINCAS
B01EX1LHNK,
B01EXI0CSO,Bare Escentuals
B01EYROJNI,
B01EYV7QQ6,Beanco Tech
B01EYVI6YC,
B01EZ8F2QY,
B01EZEQYHY,Phazyme
B01F01HHCC,
B01F0NNMSI,
B01F0QLD3G,
B01F0RV4G6,Earth
B01F12XRL0,
B01F1HOELW,
B01F1LKJXA,
B01F1MP69Q,Infinite Health
B01F1Y2YSK,BEAKEY
B01F22HT1S,
B01F2EYFVS,Solar D Sunscreen
B01F328PXS,
B01F3Q986W,
B01F3QFST8,
B01F47TKXQ,Buf-Puf
B01F579FHG,BAISIDAI
B01F5RG2EK,
B01F67NVUW,
B01F6K2IEE,
B01F6NA14U,
B01F6XBNWY,
B01F7WH7E2,Baebody
B01F7Z1EC0,
B01F8N0PQ2,
B01F8NGVU6,Velishy
B01F9L3N3U,
B01FA1TYPK,
B01FCDLY4A,
B01FCUNSHO,HBY
B01FCW88D6,
B01FDEKXY0,Yilian
B01FDLAR7Q,L'Oreal Paris
B01FDO0GNI,Estee Edit
B01FDREXO8,USonline911
B01FEBSB5U,Genesis Today
B01FEZU9JC,
B01FF30IK8,Living Nature
B01FF30JYI,Living Nature
B01FF30LC8,Living Nature
B01FF30LLY,
B01FF30IHG,
B01FFM6Q1Y,
B01FFTDYIU,
B01FH2KCMQ,
B01FHDYGQ8,illunt
B01FIQV4ZU,
B01FITFNZ4,
B01FJPZWSU,
B01FL462KQ,
B01FL6ORN8,"Florida Laboratories, Inc."
B01FL9D4U2,Salon Perfect
B01FLJROJ4,
B01FLVJ05S,
B01FNJ9MOW,ONWON
B01FNZKXTO,
B01FQHDHG0,ONWON
B01FQIPOGA,
B01FQMPCHW,
B01FQR379M,Sankuwen
B01FQR72K2,Sankuwen
B01FQRYIDQ,Sankuwen
B01FRFWCBC,BAYCHEER
B01FSNSJOM,
B01FT2WFZG,
B01FT3Z3EU,
B01FT6TMQM,Andis
B01FTG8WBS,
B01FTIQ18C,
B01FTP9LNC,
B01FU1R79A,
B01FUOKTDI,
B01FVN0HH6,
B01FVWPIUI,COVERGIRL
B01FWP41H0,Alteya Organics
B01FX13TYO,Happylifehere
B01FX4ZCYQ,Desert Essence
B01FY36NUS,Amalia Skincare
B01FY4WF54,"Florida Laboratories, Inc."
B01FZ63942,
B01G08QMAW,indreamy
B01G0G3OAA,
B01G17BLR6,Empsoul
B01G29C9VA,
B01G2Z8VNO,imoocare
B01G37STL0,
B01G3N20HI,S-noilite
B01G4ICIZ6,
B01G4MXFJK,
B01G4UIAX8,
B01G50P4KO,
B01G53GFKO,WILLTOO
B01G53UOME,MISSHA
B01G5TEUPA,
B01G62M6HK,Coolest Bear
B01G68YUE6,AntKits
B01G6BTZLG,
B01G6IJ66S,
B01G6YN23U,
B01G702WWK,
B01G7TWQH2,Unknown
B01G96JBGC,Salica
B01GA35G40,Emontek
B01GAKWGB4,
B01GAQHDTI,
B01GAXQTEG,Beauty Brags
B01GBQ6DJI,
B01GCL654K,Towallmark
B01GCLNY6C,Mokde Mondge
B01GE11PF2,Sankuwen
B01GGCEHYU,Bar5F
B01GH40HQE,
B01GHXUWGK,
B01GIAO0VA,Fatlosavage
B01GIQ3DP8,
B01GJ2AUKW,
B01GJ2ASOA,Secret Key
B01GJ2ATGC,SecretKey
B01GJF555O,
B01GJGLPFW,
B01GJI1N5C,
B01GJICDAQ,
B01GK1AP84,
B01GK8P0CS,
B01GKCUEPM,Houseables
B01GKD6E82,
B01GKK7HF4,Beuti
B01GKZ14SU,
B01GLA54SA,
B01GNMB14M,
B01GNP27AG,
B01GNXNEKK,Ladykin
B01GNYTNPO,Perfect shopping
B01GO2E4EA,Ladykin
B01GO2E56W,LadyKin
B01GOQWVSW,
B01GPN294U,
B01GPOM4IK,Micup
B01GPY15TE,Dr.'s Remedy
B01GPZ0FLW,
B01GQ0DQFS,
B01GQ12URM,PIXNOR
B01GQKM0AK,WiseNaturals
B01GR1U0FK,Entwine
B01GR1XP34,TOPCO SALE
B01GR3AU12,
B01GR3P0VC,Heart Stickers
B01GR53BYI,
B01GR4IGSU,ArRord
B01GS2B4XA,
B01GS9PKJW,
B01GSXET1S,
B01GW09XRW,Vasanti Cosmetics
B01GW54IIG,
B01GWA6TW4,
B01GX3DTFU,
B01GY3H018,
B01GYFO0DM,
B01GZRV726,
B01GZWUSYY,BIOAQUA
B01H0Q7AXG,
B01H0TJCZM,Style Straps
B01H1JX0U4,
B01H2ERF72,
B01H2IIXJC,Amalia Skincare
B01H2L415O,
B01H3475JY,E O Essentials
B01H3HF6JC,
B01H3HF71E,
B01H3IVSAC,Hosaire
B01H3KUIY2,
B01H3ZQ2NI,Ouai
B01H43AIES,Solar D Sunscreen
B01H43EMF4,Solar D Sunscreen
B01H53QPBC,
B01H5MUJSI,
B01H640HTG,
B01H6W0UH2,Technic
B01H71NDT4,
B01H71ND76,
B01H71NG0K,
B01H71ND58,
B01H7QSCVS,
B01HAH5ZVY,Dabur
B01HATTFWW,Asgens
B01HB4BS1C,
B01HB4BRVS,
B01HBSH2EK,Sage Hill
B01HBXID8Y,La Femme Actuelle Diamond V.S.P
B01HBZNEHW,Nexsey
B01HC6G4D6,Mosher Salon Tools
B01HC9ONI6,NaturoHose
B01HCPNYR6,
B01HD23OJG,Technic
B01HFUXIGA,Adecco LLC
B01HI5VPW6,Colgate
B01HIPOQ2M,Yves Saint Laurent
